ID,sp.,_ontinent,Place,Hab.,_oordinates,vivo_situ,temp,tmin_E,topt_E,tmax_E,tmin_1st_L,topt_1st_L,tmax_1st_L,tmin_2nd_L,topt_2nd_L,tmax_2nd_L,tmin_3rd_L,topt_3rd_L,tmax_3rd_L,tmin_P,topt_P,tmax_P,K,P,Humid.,Food,Preovi_per, Ovi_rate,Postovi_per,E_dev,E_hatch,Dev_1st_inst,Dev_2nd_inst,Dev_3rd_inst,Dev_ P,L_surv,Pr_sex_rat,Repr_rate,Ovip_fem,Fert_fem,Spr_of_rep,Spr_of_rep,Spr_of_rep,Lif_exp_post_min,Lif_exp_post_max,Lif_exp_post_mean,N_gen_min,N_gen_max,N_gen_M,Gen_tim_min,Gen_tim_max,Gen_tim_M,M_sex_rep_rate_min,M_sex_rep_rate_max,M_sex_rep_rate_M,Doubl_tim,Intr_rate_nat_incr,Im_flig_term,Dorm.,Dorm_d,Surv_perc,Vert_distr_min,Vert_distr_max,Vert_distr_M
1,Acanthaclisis_occitanica,Europe,NA,NA,NA,in_vivo,NA,NA,NA,NA,NA,NA,NA,NA,NA,NA,NA,NA,NA,NA,NA,NA,NA,NA,NA,NA,NA,NA,NA,NA,NA,NA,NA,NA,NA,NA,NA,NA,NA,NA,NA,NA,NA,NA,NA,NA,NA,NA,1,NA,NA,NA,NA,NA,NA,NA,NA,123,L,NA,NA,NA,2000,NA
2,Anomalochrysa_frater,North_America,Volcanoes_National_Park__on_the_Island_of_Hawaii,NA,NA,in_situ,NA,NA,NA,NA,NA,NA,NA,NA,NA,NA,NA,NA,NA,NA,NA,NA,NA,NA,NA,NA,NA,NA,NA,NA,NA,NA,NA,NA,NA,NA,NA,NA,NA,NA,25.8,122.1,51.68,NA,NA,NA,NA,NA,NA,NA,NA,NA,NA,NA,NA,NA,NA,NA,NA,NA,NA,NA,NA,NA
3,Anomalochrysa_frater,North_America,Volcanoes_National_Park__on_the_Island_of_Hawaii,NA,NA,in_situ,11.4,NA,NA,NA,NA,NA,NA,NA,NA,NA,NA,NA,NA,NA,NA,NA,NA,NA,NA,NA,NA,NA,NA,20.9,NA,14.1,18.4,14.8,54.1,48,NA,NA,NA,NA,NA,NA,NA,NA,NA,NA,NA,NA,NA,NA,NA,NA,NA,NA,NA,NA,NA,NA,NA,NA,NA,NA,NA,NA
4,Anomalochrysa_frater,North_America,Volcanoes_National_Park__on_the_Island_of_Hawaii,NA,NA,in_situ,18,NA,NA,NA,NA,NA,NA,NA,NA,NA,NA,NA,NA,NA,NA,NA,NA,NA,NA,NA,NA,NA,NA,8.5,NA,7,5.1,7.9,21.3,62,NA,NA,NA,NA,NA,NA,NA,NA,NA,NA,NA,NA,NA,NA,NA,NA,NA,NA,NA,NA,NA,NA,NA,NA,NA,NA,NA,NA
5,Anomalochrysa_frater,North_America,Volcanoes_National_Park__on_the_Island_of_Hawaii,NA,NA,in_situ,21.7,NA,NA,NA,NA,NA,NA,NA,NA,NA,NA,NA,NA,NA,NA,NA,NA,NA,NA,NA,NA,NA,NA,6.1,NA,4.5,3.9,4.1,14.3,55,NA,NA,NA,NA,NA,NA,NA,NA,NA,NA,NA,NA,NA,NA,NA,NA,NA,NA,NA,NA,NA,NA,NA,NA,NA,NA,NA,NA
6,Anomalochrysa_frater,North_America,Volcanoes_National_Park__on_the_Island_of_Hawaii,NA,NA,in_situ,25.3,NA,NA,NA,NA,NA,NA,NA,NA,NA,NA,NA,NA,NA,NA,NA,NA,NA,NA,NA,NA,NA,NA,4.3,NA,4.2,3.5,3.9,12,68,NA,NA,NA,NA,NA,NA,NA,NA,NA,NA,NA,NA,NA,NA,NA,NA,NA,NA,NA,NA,NA,NA,NA,NA,NA,NA,NA,NA
7,Anomalochrysa_frater,North_America,Volcanoes_National_Park__on_the_Island_of_Hawaii,NA,NA,in_situ,28,NA,NA,NA,NA,NA,NA,NA,NA,NA,NA,NA,NA,NA,NA,NA,406.9,NA,NA,NA,NA,NA,NA,3,NA,3,3.5,3.8,12.5,17,NA,NA,NA,NA,NA,NA,NA,NA,NA,NA,NA,NA,NA,NA,NA,NA,NA,NA,NA,NA,NA,NA,NA,NA,NA,NA,NA,NA
8,Anomalochrysa_hepatica,North_America,Island_of_Hawaii,NA,NA,in_situ,NA,NA,NA,NA,NA,NA,NA,NA,NA,NA,NA,NA,NA,NA,NA,NA,NA,NA,NA,NA,NA,NA,NA,NA,NA,NA,NA,NA,NA,NA,NA,NA,NA,NA,NA,NA,NA,NA,NA,NA,NA,NA,NA,NA,NA,NA,330,1485,852.5,NA,NA,NA,NA,NA,NA,350,2020,1185
9,Anomalochrysa_hepatica,North_America,Island_of_Hawaii,NA,NA,in_situ,18.3,NA,NA,NA,NA,NA,NA,NA,NA,NA,NA,NA,NA,NA,NA,NA,NA,NA,NA,NA,25.4,NA,NA,6,NA,5,4.7,6.1,19.9,97,0.58,NA,NA,67,NA,NA,NA,NA,NA,NA,NA,NA,NA,NA,NA,NA,NA,NA,NA,NA,NA,NA,NA,NA,NA,NA,NA,NA
10,Anomalochrysa_hepatica,North_America,Island_of_Hawaii,NA,NA,in_situ,21,NA,NA,NA,NA,NA,NA,NA,NA,NA,NA,NA,NA,NA,NA,NA,NA,NA,NA,NA,18.4,NA,NA,5,NA,4,4,4.3,15.8,88.3,0.47,NA,NA,72,NA,NA,NA,NA,NA,NA,NA,NA,NA,NA,NA,NA,NA,NA,NA,NA,NA,NA,NA,NA,NA,NA,NA,NA
11,Anomalochrysa_hepatica,North_America,Island_of_Hawaii,NA,NA,in_situ,23.4,NA,NA,NA,NA,NA,NA,NA,NA,NA,NA,NA,NA,NA,NA,NA,NA,NA,NA,NA,22,NA,NA,3.4,NA,2.7,3.2,3.9,13.8,66.7,0.62,NA,NA,42,NA,NA,NA,NA,NA,NA,NA,NA,NA,NA,NA,NA,NA,NA,NA,NA,NA,NA,NA,NA,NA,NA,NA,NA
12,Anomalochrysa_hepatica,North_America,Island_of_Hawaii,NA,NA,in_situ,26.7,NA,NA,NA,NA,NA,NA,NA,NA,NA,NA,NA,NA,NA,NA,NA,NA,NA,NA,NA,NA,NA,NA,3.6,NA,3.6,3.3,NA,NA,0,0.72,NA,NA,NA,NA,NA,NA,NA,NA,NA,NA,NA,NA,NA,NA,NA,NA,NA,NA,NA,NA,NA,NA,NA,NA,NA,NA,NA
13,Anomalochrysa_hepatica,North_America,Island_of_Hawaii,NA,NA,in_situ,15.6,NA,NA,NA,NA,NA,NA,NA,NA,NA,NA,NA,NA,NA,NA,NA,NA,NA,NA,NA,21.2,NA,NA,8,NA,7.4,6.7,7.3,28.9,97.3,NA,NA,NA,73,NA,NA,NA,NA,NA,NA,NA,NA,NA,NA,NA,NA,NA,NA,NA,NA,NA,NA,NA,NA,NA,NA,NA,NA
14,Anomalochrysa_maclachlani,North_America,,NA,NA,in_situ,NA,NA,NA,NA,NA,NA,NA,NA,NA,NA,NA,NA,NA,NA,NA,NA,NA,NA,NA,NA,NA,NA,NA,5.04,NA,5.68,4.86,6,50.76,NA,NA,NA,NA,NA,NA,NA,NA,19,30,24.5,NA,NA,NA,NA,NA,NA,NA,NA,NA,NA,NA,NA,NA,NA,NA,NA,NA,NA
15,Anomalochrysa_maclachlani,North_America,Mauna_Kea_State_Park_at_Pohakuloa,NA,NA,in_situ,15.6,NA,NA,NA,NA,NA,NA,NA,NA,NA,NA,NA,NA,NA,NA,NA,50.9,16_08_00,NA,NA,30.3,NA,NA,8.5,NA,11.1,8.5,9.9,33.1,NA,NA,NA,NA,NA,NA,NA,NA,NA,NA,NA,NA,NA,NA,NA,NA,NA,224,700,NA,NA,NA,NA,NA,NA,NA,NA,NA,1980
16,Anomalochrysa_maclachlani,North_America,Mauna_Kea_State_Park_at_Pohakuloa,NA,NA,in_situ,18.3,NA,NA,NA,NA,NA,NA,NA,NA,NA,NA,NA,NA,NA,NA,NA,51,16_08_00,NA,NA,22,NA,NA,6,NA,5.6,6,6.9,22.5,NA,NA,NA,NA,NA,NA,NA,NA,NA,NA,NA,NA,NA,NA,NA,NA,NA,NA,NA,NA,NA,NA,NA,NA,NA,NA,NA,NA,1980
17,Anomalochrysa_maclachlani,North_America,Mauna_Kea_State_Park_at_Pohakuloa,NA,NA,in_situ,21.1,NA,NA,NA,NA,NA,NA,NA,NA,NA,NA,NA,NA,NA,NA,NA,47,16_08_00,NA,NA,18.5,NA,NA,4.3,NA,4.8,3.7,5.3,15.8,NA,NA,NA,NA,NA,NA,NA,NA,NA,NA,NA,NA,NA,NA,NA,NA,NA,NA,NA,NA,NA,NA,NA,NA,NA,NA,NA,NA,1980
18,Anomalochrysa_maclachlani,North_America,Mauna_Kea_State_Park_at_Pohakuloa,NA,NA,in_situ,23.4,NA,NA,NA,NA,NA,NA,NA,NA,NA,NA,NA,NA,NA,NA,NA,66.4,16_08_00,NA,NA,19.7,NA,NA,3.3,NA,3.8,3.1,4.1,11.9,NA,NA,NA,NA,NA,NA,NA,NA,NA,NA,NA,NA,NA,NA,NA,NA,NA,NA,NA,NA,NA,NA,NA,NA,NA,NA,NA,NA,1980
19,Anomalochrysa_maclachlani,North_America,Mauna_Kea_State_Park_at_Pohakuloa,NA,NA,in_situ,26.7,NA,NA,NA,NA,NA,NA,NA,NA,NA,NA,NA,NA,NA,NA,NA,175.4,16_08_00,NA,NA,20.5,NA,NA,3.1,NA,3.1,3,3.8,11.2,NA,NA,NA,NA,NA,NA,NA,NA,NA,NA,NA,NA,NA,NA,NA,NA,NA,NA,NA,NA,NA,NA,NA,NA,NA,NA,NA,NA,1980
20,Borniochrysa_squamosa,North_America,NA,NA,NA,in_situ,NA,NA,NA,NA,NA,NA,NA,NA,NA,NA,NA,NA,NA,NA,NA,NA,NA,NA,NA,NA,NA,NA,NA,8.6,NA,NA,NA,NA,NA,NA,NA,NA,NA,NA,NA,NA,NA,NA,NA,34,NA,NA,NA,NA,NA,NA,NA,NA,NA,NA,NA,NA,NA,NA,NA,NA,NA,NA
21,Brinckochrysa_scelestes,North_America,NA,NA,NA,in_situ,NA,NA,NA,NA,NA,NA,NA,NA,NA,NA,NA,NA,NA,NA,NA,NA,NA,NA,NA,NA,NA,NA,NA,NA,NA,2.3,2.1,2.3,6.1,NA,NA,NA,NA,NA,NA,NA,NA,NA,NA,NA,NA,NA,NA,NA,NA,NA,NA,NA,NA,NA,NA,NA,NA,NA,NA,NA,NA,NA
22,Chrysopa_abbreviata,Europe,NA,NA,NA,in_vivo,NA,NA,NA,NA,NA,NA,NA,NA,NA,NA,NA,NA,NA,NA,NA,NA,NA,NA,NA,NA,NA,NA,NA,NA,NA,NA,NA,NA,NA,NA,NA,NA,NA,NA,NA,NA,NA,NA,NA,NA,1,2,1.5,NA,NA,NA,NA,NA,NA,NA,NA,153,NA,NA,NA,NA,2000,NA
23,Chrysopa_dorsalis,Europe,Sierra_de_Guara__Rio_Vero_and_Rio_Cinca_valleys,NA,NA,in_vivo,20,NA,NA,NA,NA,NA,NA,NA,NA,NA,NA,NA,NA,NA,NA,NA,NA,NA,70,NA,NA,NA,NA,8.1,NA,6.9,4.9,8.1,NA,NA,NA,NA,NA,NA,NA,NA,NA,NA,NA,NA,NA,NA,NA,NA,NA,NA,NA,NA,NA,NA,NA,NA,NA,NA,NA,750,850,800
24,Chrysopa_dorsalis,Europe,NA,NA,NA,in_situ,NA,NA,NA,NA,NA,NA,NA,NA,NA,NA,NA,NA,NA,NA,NA,NA,NA,NA,NA,NA,NA,NA,NA,NA,NA,NA,NA,NA,NA,NA,NA,NA,NA,NA,NA,NA,NA,NA,NA,NA,1,2,1.5,NA,NA,NA,NA,NA,NA,NA,NA,153,PL,NA,NA,NA,1600,NA
25,Chrysopa_formosa,Europe,NA,NA,NA,in_vivo,NA,NA,NA,NA,NA,NA,NA,NA,NA,NA,NA,NA,NA,NA,NA,NA,NA,NA,NA,NA,NA,NA,NA,NA,NA,NA,NA,NA,NA,NA,NA,NA,NA,NA,NA,NA,NA,NA,NA,NA,1,3,2,NA,NA,NA,NA,NA,NA,NA,NA,153,L,90,NA,NA,2000,NA
26,Chrysopa_hummeli,Europe,NA,NA,NA,in_vivo,NA,NA,NA,NA,NA,NA,NA,NA,NA,NA,NA,NA,NA,NA,NA,NA,NA,NA,NA,NA,NA,NA,NA,NA,NA,NA,NA,NA,NA,NA,NA,NA,NA,NA,NA,NA,NA,NA,NA,NA,NA,NA,NA,NA,NA,NA,NA,NA,NA,NA,NA,122,NA,NA,NA,NA,2000,NA
27,Chrysopa_hungarica,Europe,NA,NA,NA,in_vivo,NA,NA,NA,NA,NA,NA,NA,NA,NA,NA,NA,NA,NA,NA,NA,NA,NA,NA,NA,NA,NA,NA,NA,NA,NA,NA,NA,NA,NA,NA,NA,NA,NA,NA,NA,NA,NA,NA,NA,NA,NA,NA,1,NA,NA,NA,NA,NA,NA,NA,NA,61,NA,NA,NA,300,1200,750
28,Chrysopa_nigricornis,North_America,Ithaca__New_York,NA,NA,in_situ,24,NA,NA,NA,NA,NA,NA,NA,NA,NA,NA,NA,NA,NA,NA,NA,NA,12_12_00,NA,NA,NA,NA,NA,4,NA,2.88,3,5.4,14,NA,NA,NA,NA,NA,NA,NA,NA,NA,NA,NA,NA,NA,NA,NA,NA,NA,NA,NA,NA,NA,NA,NA,NA,NA,NA,NA,NA,NA
29,Chrysopa_nigricornis,North_America,Ithaca__New_York,NA,NA,in_situ,24,NA,NA,NA,NA,NA,NA,NA,NA,NA,NA,NA,NA,NA,NA,NA,NA,16_08_00,NA,NA,NA,NA,NA,4.26,NA,2.93,2.6,4.37,14.25,NA,NA,NA,NA,NA,NA,NA,NA,NA,NA,NA,NA,NA,NA,NA,NA,NA,NA,NA,NA,NA,NA,NA,NA,NA,NA,NA,NA,NA
30,Chrysopa_nigricostata,Europe,NA,NA,NA,in_situ,NA,NA,NA,NA,NA,NA,NA,NA,NA,NA,NA,NA,NA,NA,NA,NA,NA,NA,NA,NA,NA,NA,NA,4.7,NA,5.5,3.6,5.5,14.5,NA,NA,NA,NA,NA,NA,NA,NA,NA,NA,NA,NA,NA,2,NA,NA,NA,NA,NA,NA,NA,NA,153,NA,14.5,NA,500,3000,1750
31,Chrysopa_pallens,Asia,Anyang,NA,NA,in_situ,26,NA,NA,NA,NA,NA,NA,NA,NA,NA,NA,NA,NA,NA,NA,NA,NA,14_10_00,65,NA,11.28,NA,NA,NA,NA,NA,NA,NA,NA,88,NA,NA,NA,NA,NA,NA,NA,NA,NA,NA,NA,NA,NA,NA,NA,NA,NA,NA,354,NA,NA,NA,NA,NA,90,NA,NA,NA
32,Chrysopa_pallens,Asia,NA,NA,NA,in_situ,NA,NA,NA,NA,NA,NA,NA,NA,NA,NA,NA,NA,NA,NA,NA,NA,NA,NA,NA,NA,NA,NA,NA,5.9,NA,4.1,3.6,4.3,20.8,NA,NA,NA,NA,NA,NA,NA,177,19,20,19.5,2,3,2.5,NA,NA,196.5,NA,NA,NA,NA,NA,214,L,176,89,NA,2000,NA
33,Chrysopa_pallens,Asia,NA,NA,NA,in_situ,22,NA,NA,NA,NA,NA,NA,NA,NA,NA,NA,NA,NA,NA,NA,NA,NA,NA,NA,NA,NA,22.4,NA,4.3,NA,3.7,2.7,4.6,12.6,NA,NA,NA,NA,NA,NA,NA,34.3,NA,NA,NA,NA,NA,NA,NA,NA,NA,NA,NA,660.7,NA,NA,NA,NA,NA,NA,NA,NA,NA
34,Chrysopa_pallens,Asia,Nankoku_City__Kochi__Japan,NA,(33.4¡N),in_situ,20,NA,NA,NA,NA,NA,NA,NA,NA,NA,NA,NA,NA,NA,NA,NA,NA,10_14_00,NA,NA,NA,NA,NA,NA,NA,4.5,3.8,5.1,NA,NA,NA,NA,NA,NA,NA,NA,NA,NA,NA,NA,NA,NA,NA,NA,NA,NA,NA,NA,NA,NA,NA,NA,NA,NA,NA,NA,NA,NA
35,Chrysopa_pallens,Asia,Nankoku_City__Kochi__Japan,NA,(33.4¡N),in_situ,20,NA,NA,NA,NA,NA,NA,NA,NA,NA,NA,NA,NA,NA,NA,NA,NA,11_13_00,NA,NA,NA,NA,NA,NA,NA,4.3,3.8,5,NA,NA,NA,NA,NA,NA,NA,NA,NA,NA,NA,NA,NA,NA,NA,NA,NA,NA,NA,NA,NA,NA,NA,NA,NA,NA,NA,NA,NA,NA
36,Chrysopa_pallens,Asia,Nankoku_City__Kochi__Japan,NA,(33.4¡N),in_situ,20,NA,NA,NA,NA,NA,NA,NA,NA,NA,NA,NA,NA,NA,NA,NA,NA,12_12_00,NA,NA,NA,NA,NA,NA,NA,4.4,3.8,5.3,NA,NA,NA,NA,NA,NA,NA,NA,NA,NA,NA,NA,NA,NA,NA,NA,NA,NA,NA,NA,NA,NA,NA,NA,NA,NA,NA,NA,NA,NA
37,Chrysopa_pallens,Asia,Nankoku_City__Kochi__Japan,NA,(33.4¡N),in_situ,20,NA,NA,NA,NA,NA,NA,NA,NA,NA,NA,NA,NA,NA,NA,NA,NA,13_11_00,NA,NA,NA,NA,NA,NA,NA,4.4,3.8,5,NA,NA,NA,NA,NA,NA,NA,NA,NA,NA,NA,NA,NA,NA,NA,NA,NA,NA,NA,NA,NA,NA,NA,NA,NA,NA,NA,NA,NA,NA
38,Chrysopa_pallens,Asia,Nankoku_City__Kochi__Japan,NA,(33.4¡N),in_situ,20,NA,NA,NA,NA,NA,NA,NA,NA,NA,NA,NA,NA,NA,NA,NA,NA,14_10_00,NA,NA,NA,NA,NA,NA,NA,4.3,3.6,4.6,NA,NA,NA,NA,NA,NA,NA,NA,NA,NA,NA,NA,NA,NA,NA,NA,NA,NA,NA,NA,NA,NA,NA,NA,NA,NA,NA,NA,NA,NA
39,Chrysopa_pallens,Asia,Nankoku_City__Kochi__Japan,orchard_(peach),(33.4¡N),in_situ,20,NA,NA,NA,NA,NA,NA,NA,NA,NA,NA,NA,NA,NA,NA,NA,NA,15_09_00,NA,NA,NA,NA,NA,NA,NA,4.2,3.6,4.5,NA,NA,NA,NA,NA,NA,NA,NA,NA,NA,NA,NA,NA,NA,NA,NA,NA,NA,NA,NA,NA,NA,NA,NA,NA,NA,NA,NA,NA,NA
40,Chrysopa_perla,Europe,NA,NA,NA,in_vivo,NA,NA,NA,NA,NA,NA,NA,NA,NA,NA,NA,NA,NA,NA,NA,NA,NA,NA,NA,NA,NA,NA,NA,NA,NA,NA,NA,NA,NA,NA,NA,NA,NA,NA,NA,NA,NA,NA,NA,NA,1,4,2.5,NA,NA,NA,NA,NA,NA,NA,NA,214,NA,NA,NA,NA,350,NA
41,Chrysopa_phyllochroma,Europe,NA,NA,NA,in_vivo,NA,NA,NA,NA,NA,NA,NA,NA,NA,NA,NA,NA,NA,NA,NA,NA,NA,NA,NA,NA,NA,NA,NA,NA,NA,NA,NA,NA,NA,NA,NA,NA,NA,NA,NA,NA,NA,NA,NA,NA,1,3,2,NA,NA,NA,NA,NA,NA,NA,NA,153,L_ PL,NA,NA,NA,2000,NA
42,Chrysopa_viridana,Europe,NA,NA,NA,in_vivo,NA,NA,NA,NA,NA,NA,NA,NA,NA,NA,NA,NA,NA,NA,NA,NA,NA,NA,NA,NA,NA,NA,NA,NA,NA,NA,NA,NA,NA,NA,NA,NA,NA,NA,NA,NA,NA,NA,NA,NA,2,3,2.5,NA,NA,NA,NA,NA,NA,NA,NA,183,L,NA,NA,500,2000,1250
43,Chrysoperla_agilis,Europe,Alexandrea__Northern_Greece,orchard_(peach),NA,in_situ,15,NA,NA,NA,NA,NA,NA,NA,NA,NA,NA,NA,NA,NA,NA,NA,NA,16_08_00,NA,NA,17,NA,NA,7.75,74.8,9.85,9.9,13.15,26.7,42,0.47,16.9,90.91,NA,NA,NA,NA,NA,NA,100.7,NA,NA,NA,NA,NA,110.4,NA,NA,123.8,25.7,0.03,NA,NA,NA,NA,NA,NA,NA
44,Chrysoperla_agilis,Europe,Alexandrea__Northern_Greece,orchard_(peach),NA,in_situ,20,NA,NA,NA,NA,NA,NA,NA,NA,NA,NA,NA,NA,NA,NA,NA,NA,16_08_00,NA,NA,10.4,NA,NA,5.35,84.5,5.5,4.35,7.05,17.5,68,0.53,113.6,94.74,NA,NA,NA,NA,NA,NA,78,NA,NA,NA,NA,NA,78.8,NA,NA,392.9,10.1,0.07,NA,NA,NA,NA,NA,NA,NA
45,Chrysoperla_agilis,Europe,Alexandrea__Northern_Greece,orchard_(peach),NA,in_situ,24,NA,NA,NA,NA,NA,NA,NA,NA,NA,NA,NA,NA,NA,NA,NA,NA,16_08_00,NA,NA,6.9,NA,NA,3.95,85,3.7,2.85,3.7,11.4,74,0.54,213.6,90,NA,NA,NA,NA,NA,NA,54.1,NA,NA,NA,NA,NA,51.4,NA,NA,697.4,5.8,0.12,NA,NA,NA,NA,NA,NA,NA
46,Chrysoperla_agilis,Europe,Alexandrea__Northern_Greece,orchard_(peach),NA,in_situ,27,NA,NA,NA,NA,NA,NA,NA,NA,NA,NA,NA,NA,NA,NA,NA,NA,16_08_00,NA,NA,5.8,NA,NA,3.15,83.5,2.85,2.45,3.05,7.35,76,0.53,214.3,85,NA,NA,NA,NA,NA,NA,46.1,NA,NA,NA,NA,NA,41.9,NA,NA,710.5,4.5,0.15,NA,NA,NA,NA,NA,NA,NA
47,Chrysoperla_agilis,Europe,Alexandrea__Northern_Greece,orchard_(peach),NA,in_situ,30,NA,NA,NA,NA,NA,NA,NA,NA,NA,NA,NA,NA,NA,NA,NA,NA,16_08_00,NA,NA,4.5,NA,NA,2.1,74.5,2.1,1.75,2.15,6.9,70,0.47,58.2,83.33,NA,NA,NA,NA,NA,NA,32,NA,NA,NA,NA,NA,30.1,NA,NA,284.3,4.6,0.15,NA,NA,NA,NA,NA,NA,NA
48,Chrysoperla_agilis,Europe,Alexandrea__Northern_Greece,orchard_(peach),NA,in_situ,32,NA,NA,NA,NA,NA,NA,NA,NA,NA,NA,NA,NA,NA,NA,NA,NA,16_08_00,NA,NA,5.2,NA,NA,2.2,67.5,2.1,2.2,2.35,7.2,50,0.44,10.2,92.86,NA,NA,NA,NA,NA,NA,24.4,NA,NA,NA,NA,NA,26.9,NA,NA,44.5,7.8,0.09,NA,NA,NA,NA,NA,NA,NA
49,Chrysoperla_agilis,Europe,Alexandrea__Northern_Greece,orchard_(peach),NA,in_situ,34,NA,NA,NA,NA,NA,NA,NA,NA,NA,NA,NA,NA,NA,NA,NA,NA,16_08_00,NA,NA,5.2,NA,NA,4.45,5,2.05,2.55,3.05,7.9,22,0,0,100,NA,NA,NA,NA,NA,NA,23.8,NA,NA,NA,NA,NA,NA,NA,NA,43.2,NA,NA,NA,NA,NA,NA,NA,NA,NA
50,Chrysoperla_carnea,Europe,NA,NA,NA,in_situ,NA,NA,NA,NA,NA,NA,NA,NA,NA,NA,NA,NA,NA,NA,NA,NA,NA,NA,NA,NA,NA,NA,NA,5.3,NA,5.8,3.5,5.2,9.6,NA,NA,NA,NA,NA,21,44,32.5,7,51.6,29.3,2,5,3.5,28,95.6,61.8,33,179.3,106.15,NA,NA,365,I,9.6,NA,NA,2500,NA
51,Chrysoperla_carnea,North_America,Limington,NA,NA,in_situ,23,NA,NA,NA,NA,NA,NA,NA,NA,NA,NA,NA,NA,NA,NA,NA,NA,16_08_00,60,NA,NA,45.5,NA,5.1,NA,3.5,3.5,4,11.5,92.3,NA,NA,NA,NA,NA,NA,NA,51.7,59.4,55.55,NA,NA,NA,NA,NA,NA,NA,NA,1264,NA,NA,NA,NA,NA,NA,NA,NA,NA
52,Chrysoperla_carnea,Africa,Egypt_,NA,NA,in_situ,25,NA,NA,NA,NA,NA,NA,NA,NA,NA,NA,NA,NA,NA,NA,NA,NA,NA,60,NA,5.3,5.3,NA,4.7,55.1,NA,NA,22.8,NA,66.7,0.62,33.258,NA,NA,NA,NA,NA,NA,NA,17.9,NA,NA,NA,NA,NA,49.1,NA,NA,NA,9.71,0.07,NA,NA,NA,NA,NA,NA,NA
53,Chrysoperla_carnea,Africa,Egypt_,NA,NA,in_situ,25,NA,NA,NA,NA,NA,NA,NA,NA,NA,NA,NA,NA,NA,NA,NA,NA,NA,60,NA,4.7,4.7,NA,4.3,75.5,NA,NA,21.4,NA,75.6,0.53,58.432,NA,NA,NA,NA,NA,NA,NA,20.1,NA,NA,NA,NA,NA,49.51,NA,NA,NA,8.44,0.08,NA,NA,NA,NA,NA,NA,NA
54,Chrysoperla_carnea,Africa,Egypt_,NA,NA,in_situ,25,NA,NA,NA,NA,NA,NA,NA,NA,NA,NA,NA,NA,NA,NA,NA,NA,NA,60,NA,4.1,4.1,NA,4.7,80.4,NA,NA,210,NA,80.4,0.59,82.128,NA,NA,NA,NA,NA,NA,NA,22.4,NA,NA,NA,NA,NA,50.49,NA,NA,NA,7.96,0.09,NA,NA,NA,NA,NA,NA,NA
55,Chrysoperla_carnea,Africa,Egypt_,NA,NA,in_situ,25,NA,NA,NA,NA,NA,NA,NA,NA,NA,NA,NA,NA,NA,NA,NA,NA,NA,60,NA,3.6,3.6,NA,4.3,89.3,NA,NA,10.3,NA,89.3,0.65,113.386,NA,NA,NA,NA,NA,NA,NA,24.6,NA,NA,NA,NA,NA,51.34,NA,NA,NA,7.53,0.09,NA,NA,NA,NA,NA,NA,NA
56,Chrysoperla_carnea,NA,NA,NA,NA,in_situ,NA,9.9,30.69,33.82,10.9,30.22,37.66,11.91,30.9,33.14,11.4,30.34,34.04,11.62,31.75,32.14,NA,NA,NA,NA,NA,NA,NA,NA,NA,NA,NA,NA,NA,NA,NA,NA,NA,NA,NA,NA,NA,NA,NA,NA,NA,NA,NA,NA,NA,NA,NA,NA,NA,NA,NA,NA,NA,NA,NA,NA,NA,NA
57,Chrysoperla_carnea,NA,NA,NA,NA,in_situ,15,NA,NA,NA,NA,NA,NA,NA,NA,NA,NA,NA,NA,NA,NA,NA,NA,NA,NA,NA,NA,NA,NA,12.49,NA,10.94,9.8,10.41,36.13,NA,NA,NA,NA,NA,NA,NA,NA,NA,NA,NA,NA,NA,NA,NA,NA,NA,NA,NA,NA,NA,NA,NA,NA,NA,NA,NA,NA,NA
58,Chrysoperla_carnea,Asia,_Faisalabad,NA,NA,in_situ,20,NA,NA,NA,NA,NA,NA,NA,NA,NA,NA,NA,NA,NA,NA,NA,NA,NA,NA,NA,15.2,18.3,NA,10.3,80,NA,NA,NA,23.7,80,NA,NA,NA,NA,NA,NA,NA,NA,NA,29.9,NA,NA,NA,NA,NA,NA,NA,NA,62.6,NA,NA,NA,NA,NA,NA,NA,NA,NA
59,Chrysoperla_carnea,NA,NA,NA,NA,in_situ,20,NA,NA,NA,NA,NA,NA,NA,NA,NA,NA,NA,NA,NA,NA,NA,NA,NA,NA,NA,NA,NA,NA,6.21,NA,5.12,4.06,4.45,14.69,NA,NA,NA,NA,NA,NA,NA,NA,NA,NA,NA,NA,NA,NA,NA,NA,NA,NA,NA,NA,NA,NA,NA,NA,NA,NA,NA,NA,NA
60,Chrysoperla_carnea,Asia,_Faisalabad,NA,NA,in_situ,25,NA,NA,NA,NA,NA,NA,NA,NA,NA,NA,NA,NA,NA,NA,NA,NA,NA,NA,NA,10.5,27.2,NA,5.9,96,NA,NA,NA,14.9,84,NA,NA,NA,NA,NA,NA,NA,NA,NA,30.8,NA,NA,NA,NA,NA,NA,NA,NA,179.3,NA,NA,NA,NA,NA,NA,NA,NA,NA
61,Chrysoperla_carnea,NA,NA,NA,NA,in_situ,25,NA,NA,NA,NA,NA,NA,NA,NA,NA,NA,NA,NA,NA,NA,NA,NA,NA,NA,NA,NA,NA,NA,4.05,NA,3.24,2.77,2.67,9.8,NA,NA,NA,NA,NA,NA,NA,NA,NA,NA,NA,NA,NA,NA,NA,NA,NA,NA,NA,NA,NA,NA,NA,NA,NA,NA,NA,NA,NA
62,Chrysoperla_carnea,NA,NA,NA,NA,in_situ,27,NA,NA,NA,NA,NA,NA,NA,NA,NA,NA,NA,NA,NA,NA,NA,NA,NA,NA,NA,NA,NA,NA,3.45,NA,2.91,2.17,2.2,8.08,NA,NA,NA,NA,NA,NA,NA,NA,NA,NA,NA,NA,NA,NA,NA,NA,NA,NA,NA,NA,NA,NA,NA,NA,NA,NA,NA,NA,NA
63,Chrysoperla_carnea,Asia,_Faisalabad,NA,NA,in_situ,28,NA,NA,NA,NA,NA,NA,NA,NA,NA,NA,NA,NA,NA,NA,NA,NA,NA,NA,NA,10,25.4,NA,4.5,100,NA,NA,NA,11.2,92,NA,NA,NA,NA,NA,NA,NA,NA,NA,29.1,NA,NA,NA,NA,NA,NA,NA,NA,113,NA,NA,NA,NA,NA,NA,NA,NA,NA
64,Chrysoperla_carnea,NA,NA,NA,NA,in_situ,30,NA,NA,NA,NA,NA,NA,NA,NA,NA,NA,NA,NA,NA,NA,NA,NA,NA,NA,NA,NA,NA,NA,3,NA,2.79,1.6,1.96,6.43,NA,NA,NA,NA,NA,NA,NA,NA,NA,NA,NA,NA,NA,NA,NA,NA,NA,NA,NA,NA,NA,NA,NA,NA,NA,NA,NA,NA,NA
65,Chrysoperla_carnea,Asia,_Faisalabad,NA,NA,in_situ,31,NA,NA,NA,NA,NA,NA,NA,NA,NA,NA,NA,NA,NA,NA,NA,NA,NA,NA,NA,7,6.3,NA,4,100,NA,NA,NA,11,56,NA,NA,NA,NA,NA,NA,NA,NA,NA,10.15,NA,NA,NA,NA,NA,NA,NA,NA,33,NA,NA,NA,NA,NA,NA,NA,NA,NA
66,Chrysoperla_carnea,NA,NA,NA,NA,in_situ,32,NA,NA,NA,NA,NA,NA,NA,NA,NA,NA,NA,NA,NA,NA,NA,NA,NA,NA,NA,NA,NA,NA,3.22,NA,2.82,1.91,2.17,6.82,NA,NA,NA,NA,NA,NA,NA,NA,NA,NA,NA,NA,NA,NA,NA,NA,NA,NA,NA,NA,NA,NA,NA,NA,NA,NA,NA,NA,NA
67,Chrysoperla_carnea,Asia,_Faisalabad,NA,NA,in_situ,35,NA,NA,NA,NA,NA,NA,NA,NA,NA,NA,NA,NA,NA,NA,NA,NA,NA,NA,NA,0,0,NA,4,100,0,0,0,0,0,NA,NA,NA,NA,NA,NA,NA,NA,NA,0,NA,NA,NA,NA,NA,NA,NA,NA,0,NA,NA,NA,NA,NA,NA,NA,NA,NA
68,Chrysoperla_carnea,Europe,NA,orchards,NA,in_situ,25,NA,NA,NA,NA,NA,NA,NA,NA,NA,NA,NA,NA,NA,NA,NA,NA,16_08_00,65,5,8.2,30.2,3.2,NA,NA,2.8,2.8,5.8,7.5,NA,NA,56.05,NA,NA,NA,NA,NA,NA,NA,41.5,NA,NA,NA,NA,NA,39.69,NA,NA,514.2,NA,NA,NA,NA,NA,NA,NA,NA,NA
69,Chrysoperla_carnea,Europe,NA,orchards,NA,in_situ,25,NA,NA,NA,NA,NA,NA,NA,NA,NA,NA,NA,NA,NA,NA,NA,NA,16_08_00,65,10,7.2,27.8,2,NA,NA,2.7,2.6,4.9,7.5,NA,NA,94.87,NA,NA,NA,NA,NA,NA,NA,37.1,NA,NA,NA,NA,NA,40.54,NA,NA,522.7,NA,NA,NA,NA,NA,NA,NA,NA,NA
70,Chrysoperla_carnea,Europe,NA,orchards,NA,in_situ,25,NA,NA,NA,NA,NA,NA,NA,NA,NA,NA,NA,NA,NA,NA,NA,NA,16_08_00,65,20,6.5,31,1.2,NA,NA,2.5,2.6,3.3,7.8,NA,NA,143.9,NA,NA,NA,NA,NA,NA,NA,38.6,NA,NA,NA,NA,NA,38.45,NA,NA,621,NA,NA,NA,NA,NA,NA,NA,NA,NA
71,Chrysoperla_carnea,Europe,NA,orchards,NA,in_situ,25,NA,NA,NA,NA,NA,NA,NA,NA,NA,NA,NA,NA,NA,NA,NA,NA,16_08_00,65,40,6.6,29,2.8,NA,NA,2.4,2.6,3.2,7.4,NA,NA,148.95,NA,NA,NA,NA,NA,NA,NA,38.7,NA,NA,NA,NA,NA,34.85,NA,NA,682,NA,NA,NA,NA,NA,NA,NA,NA,NA
72,Chrysoperla_carnea,Europe,NA,orchards,NA,in_situ,25,NA,NA,NA,NA,NA,NA,NA,NA,NA,NA,NA,NA,NA,NA,NA,NA,16_08_00,65,80,6.3,37.5,3,NA,NA,2.5,2.4,3.1,7.3,NA,NA,213.55,NA,NA,NA,NA,NA,NA,NA,46.9,NA,NA,NA,NA,NA,35.97,NA,NA,793.2,NA,NA,NA,NA,NA,NA,NA,NA,NA
73,Chrysoperla_carnea,Europe,NA,orchards,NA,in_situ,25,NA,NA,NA,NA,NA,NA,NA,NA,NA,NA,NA,NA,NA,NA,NA,NA,16_08_00,65,160,6,36.6,2.1,NA,NA,2.4,2.4,3.2,7.3,NA,NA,241.85,NA,NA,NA,NA,NA,NA,NA,44.9,NA,NA,NA,NA,NA,37.12,NA,NA,806.6,NA,NA,NA,NA,NA,NA,NA,NA,NA
74,Chrysoperla_carnea,Europe,NA,orchards,NA,in_situ,25,NA,NA,NA,NA,NA,NA,NA,NA,NA,NA,NA,NA,NA,NA,NA,NA,16_08_00,65,250,6.7,34.9,1.9,NA,NA,2.3,2.6,3.3,7.1,NA,NA,234.81,NA,NA,NA,NA,NA,NA,NA,43.7,NA,NA,NA,NA,NA,37.65,NA,NA,778.4,NA,NA,NA,NA,NA,NA,NA,NA,NA
75,Chrysoperla_carnea,North_America,Mexico,NA,NA,in_situ,10.5,NA,NA,NA,NA,NA,NA,NA,NA,NA,NA,NA,NA,NA,NA,NA,333.3,NA,NA,NA,NA,NA,NA,NA,NA,NA,NA,NA,NA,NA,NA,NA,NA,NA,NA,NA,NA,NA,NA,NA,NA,NA,NA,NA,NA,NA,NA,NA,NA,NA,NA,NA,NA,NA,NA,NA,NA,NA
76,Chrysoperla_carnea,North_America,California,NA,NA,in_situ,10.2,NA,NA,NA,NA,NA,NA,NA,NA,NA,NA,NA,NA,NA,NA,NA,358.3,NA,NA,NA,NA,NA,NA,NA,NA,NA,NA,NA,NA,NA,NA,NA,NA,NA,NA,NA,NA,NA,NA,NA,NA,NA,NA,NA,NA,NA,NA,NA,NA,NA,NA,NA,NA,NA,NA,NA,NA,NA
77,Chrysoperla_carnea,North_America,New_York,NA,NA,in_situ,9.5,NA,NA,NA,NA,NA,NA,NA,NA,NA,NA,NA,NA,NA,NA,NA,376.7,NA,NA,NA,NA,NA,NA,NA,NA,NA,NA,NA,NA,NA,NA,NA,NA,NA,NA,NA,NA,NA,NA,NA,NA,NA,NA,NA,NA,NA,NA,NA,NA,NA,NA,NA,NA,NA,NA,NA,NA,NA
78,Chrysoperla_carnea,North_America,Alaska,NA,NA,in_situ,9.8,NA,NA,NA,NA,NA,NA,NA,NA,NA,NA,NA,NA,NA,NA,NA,300.4,NA,NA,NA,NA,NA,NA,NA,NA,NA,NA,NA,NA,NA,NA,NA,NA,NA,NA,NA,NA,NA,NA,NA,NA,NA,NA,NA,NA,NA,NA,NA,NA,NA,NA,NA,NA,NA,NA,NA,NA,NA
79,Chrysoperla_downesi,North_America,Montana,NA,NA,in_situ,10.9,NA,NA,NA,NA,NA,NA,NA,NA,NA,NA,NA,NA,NA,NA,NA,355.9,NA,NA,NA,NA,NA,NA,NA,NA,NA,NA,NA,NA,NA,NA,NA,NA,NA,NA,NA,NA,NA,NA,NA,NA,NA,NA,NA,NA,NA,NA,NA,NA,NA,NA,NA,NA,NA,NA,NA,NA,NA
80,Chrysoperla_downesi,North_America,New_York,NA,NA,in_situ,10.8,NA,NA,NA,NA,NA,NA,NA,NA,NA,NA,NA,NA,NA,NA,NA,378,NA,NA,NA,NA,NA,NA,NA,NA,NA,NA,NA,NA,NA,NA,NA,NA,NA,NA,NA,NA,NA,NA,NA,NA,NA,NA,NA,NA,NA,NA,NA,NA,NA,NA,NA,NA,NA,NA,NA,NA,NA
81,Chrysoperla_externa,South_America,NA,NA,NA,in_situ,NA,NA,NA,NA,NA,NA,NA,NA,NA,NA,NA,NA,NA,NA,NA,NA,NA,NA,NA,NA,NA,NA,NA,5.9,NA,4.1,3.6,4.3,20.8,NA,NA,NA,NA,NA,NA,NA,NA,NA,NA,NA,NA,NA,NA,NA,NA,NA,NA,NA,NA,NA,NA,NA,NA,NA,NA,NA,NA,NA
82,Chrysoperla_externa,South_America,La_Plata_area__Argentina,NA,NA,in_situ,25,NA,NA,NA,NA,NA,NA,NA,NA,NA,NA,NA,NA,NA,NA,NA,NA,16_08_00,75,NA,3.06,NA,NA,NA,NA,NA,NA,NA,19.4,NA,NA,493.4,NA,NA,NA,NA,NA,NA,NA,85,NA,NA,NA,NA,59.1,NA,251,310,284,NA,0.11,NA,NA,NA,71.28,NA,NA,NA
83,Chrysoperla_externa,South_America,Universidade_Federal_de_Lavras_(UFLA)__Brazil,citrus_orchard,NA,in_situ,25,NA,NA,NA,NA,NA,NA,NA,NA,NA,NA,NA,NA,NA,NA,NA,NA,12_12_00,70,NA,4.8,NA,NA,4.6,NA,3,3,2.6,10.2,97.5,NA,NA,NA,NA,NA,NA,NA,NA,NA,NA,NA,NA,NA,NA,NA,NA,NA,NA,404,NA,NA,NA,NA,NA,NA,NA,NA,NA
84,Chrysoperla_externa,North_America,Honduras,NA,NA,in_situ,15.6,NA,NA,NA,NA,NA,NA,NA,NA,NA,NA,NA,NA,NA,NA,NA,62.8,NA,NA,NA,18.1,0,NA,14,NA,11.1,8.9,12.5,36.2,100,NA,NA,NA,NA,NA,NA,NA,NA,NA,NA,NA,NA,NA,NA,NA,NA,NA,NA,NA,NA,NA,NA,NA,NA,NA,NA,NA,NA
85,Chrysoperla_externa,North_America,Honduras,NA,NA,in_situ,18.3,NA,NA,NA,NA,NA,NA,NA,NA,NA,NA,NA,NA,NA,NA,NA,46.1,NA,NA,NA,13.3,8.3,NA,9.2,NA,6,5.2,7.5,21.5,100,NA,NA,NA,NA,NA,NA,NA,NA,NA,NA,NA,NA,NA,NA,NA,NA,NA,NA,NA,NA,NA,NA,NA,NA,NA,NA,NA,NA
86,Chrysoperla_externa,North_America,Honduras,NA,NA,in_situ,21.1,NA,NA,NA,NA,NA,NA,NA,NA,NA,NA,NA,NA,NA,NA,NA,30.2,NA,NA,NA,12.6,12.1,NA,6.5,NA,4.8,3.5,5.2,14.7,100,NA,NA,NA,NA,NA,NA,NA,NA,NA,NA,NA,NA,NA,NA,NA,NA,NA,NA,NA,NA,NA,NA,NA,NA,NA,NA,NA,NA
87,Chrysoperla_externa,North_America,Honduras,NA,NA,in_situ,23.9,NA,NA,NA,NA,NA,NA,NA,NA,NA,NA,NA,NA,NA,NA,NA,47.1,NA,NA,NA,8.3,24,NA,5,NA,3.4,2.8,4,10.9,100,NA,NA,NA,NA,NA,NA,NA,NA,NA,NA,NA,NA,NA,NA,NA,NA,NA,NA,NA,NA,NA,NA,NA,NA,NA,NA,NA,NA
88,Chrysoperla_externa,North_America,Honduras,NA,NA,in_situ,26.7,NA,NA,NA,NA,NA,NA,NA,NA,NA,NA,NA,NA,NA,NA,NA,134.1,NA,NA,NA,6.9,26.5,NA,5.4,NA,3,2,3.2,9.3,100,NA,NA,NA,NA,NA,NA,NA,NA,NA,NA,NA,NA,NA,NA,NA,NA,NA,NA,NA,NA,NA,NA,NA,NA,NA,NA,NA,NA
89,Chrysoperla_externa,North_America,Honduras,NA,NA,in_situ,21.1,NA,NA,NA,NA,NA,NA,NA,NA,NA,NA,NA,NA,NA,NA,NA,NA,10_14_00,NA,NA,NA,NA,NA,NA,NA,NA,NA,NA,NA,NA,NA,NA,96,80,NA,NA,NA,NA,NA,NA,NA,NA,NA,NA,NA,NA,NA,NA,NA,NA,NA,NA,NA,NA,NA,NA,NA,NA
90,Chrysoperla_externa,North_America,Honduras,NA,NA,in_situ,21.1,NA,NA,NA,NA,NA,NA,NA,NA,NA,NA,NA,NA,NA,NA,NA,NA,14_10_00,NA,NA,NA,NA,NA,NA,NA,NA,NA,NA,NA,NA,NA,NA,96.7,46.7,NA,NA,NA,NA,NA,NA,NA,NA,NA,NA,NA,NA,NA,NA,NA,NA,NA,NA,NA,NA,NA,NA,NA,NA
91,Chrysoperla_externa,South_America,Brazil,NA,NA,in_situ,23.9,NA,NA,NA,NA,NA,NA,NA,NA,NA,NA,NA,NA,NA,NA,NA,NA,16_08_00,NA,NA,NA,NA,NA,NA,NA,NA,NA,NA,NA,NA,NA,NA,100,88.9,NA,NA,NA,NA,NA,NA,NA,NA,NA,NA,NA,NA,NA,NA,NA,NA,NA,NA,NA,NA,NA,NA,NA,NA
92,Chrysoperla_externa,South_America,Chile,NA,NA,in_situ,23.9,NA,NA,NA,NA,NA,NA,NA,NA,NA,NA,NA,NA,NA,NA,NA,NA,10_14_00,NA,NA,NA,NA,NA,NA,NA,NA,NA,NA,NA,NA,NA,NA,25,NA,NA,NA,NA,NA,NA,NA,NA,NA,NA,NA,NA,NA,NA,NA,NA,NA,NA,NA,NA,NA,NA,NA,NA,NA
93,Chrysoperla_externa,South_America,Chile,NA,NA,in_situ,23.9,NA,NA,NA,NA,NA,NA,NA,NA,NA,NA,NA,NA,NA,NA,NA,NA,11.13,NA,NA,NA,NA,NA,NA,NA,NA,NA,NA,NA,NA,NA,NA,50,NA,NA,NA,NA,NA,NA,NA,NA,NA,NA,NA,NA,NA,NA,NA,NA,NA,NA,NA,NA,NA,NA,NA,NA,NA
94,Chrysoperla_externa,South_America,Chile,NA,NA,in_situ,23.9,NA,NA,NA,NA,NA,NA,NA,NA,NA,NA,NA,NA,NA,NA,NA,NA,12.12,NA,NA,NA,NA,NA,NA,NA,NA,NA,NA,NA,NA,NA,NA,83.3,NA,NA,NA,NA,NA,NA,NA,NA,NA,NA,NA,NA,NA,NA,NA,NA,NA,NA,NA,NA,NA,NA,NA,NA,NA
95,Chrysoperla_externa,South_America,Chile,NA,NA,in_situ,23.9,NA,NA,NA,NA,NA,NA,NA,NA,NA,NA,NA,NA,NA,NA,NA,NA,13.11,NA,NA,NA,NA,NA,NA,NA,NA,NA,NA,NA,NA,NA,NA,80,NA,NA,NA,NA,NA,NA,NA,NA,NA,NA,NA,NA,NA,NA,NA,NA,NA,NA,NA,NA,NA,NA,NA,NA,NA
96,Chrysoperla_externa,South_America,Chile,NA,NA,in_situ,23.9,NA,NA,NA,NA,NA,NA,NA,NA,NA,NA,NA,NA,NA,NA,NA,NA,14.1,NA,NA,NA,NA,NA,NA,NA,NA,NA,NA,NA,NA,NA,NA,91.7,NA,NA,NA,NA,NA,NA,NA,NA,NA,NA,NA,NA,NA,NA,NA,NA,NA,NA,NA,NA,NA,NA,NA,NA,NA
97,Chrysoperla_externa,North_America,Honduras,NA,NA,in_situ,11.8,NA,NA,NA,NA,NA,NA,NA,NA,NA,NA,NA,NA,NA,NA,NA,320.1,NA,NA,NA,NA,NA,NA,NA,NA,NA,NA,NA,NA,NA,NA,NA,NA,NA,NA,NA,NA,NA,NA,NA,NA,NA,NA,NA,NA,NA,NA,NA,NA,NA,NA,NA,NA,NA,NA,NA,NA,NA
98,Chrysoperla_harrisii,North_America,New_York,NA,NA,in_situ,12,NA,NA,NA,NA,NA,NA,NA,NA,NA,NA,NA,NA,NA,NA,NA,566,NA,NA,NA,NA,NA,NA,NA,NA,NA,NA,NA,NA,NA,NA,NA,NA,NA,NA,NA,NA,NA,NA,NA,NA,NA,NA,NA,NA,NA,NA,NA,NA,NA,NA,NA,NA,NA,NA,NA,NA,NA
99,Chrysoperla_johnsoni,North_America,Hood_River,pear_orchards,NA,in_situ,23,NA,NA,NA,NA,NA,NA,NA,NA,NA,NA,NA,NA,NA,NA,NA,NA,16_08_00,60,NA,6.6,52.4,NA,5.7,NA,4.3,3.3,4.4,12.5,79.2,NA,NA,NA,NA,NA,NA,NA,65.1,68.3,66.7,NA,NA,NA,NA,NA,NA,NA,NA,960,NA,NA,NA,NA,NA,NA,NA,NA,NA
100,Chrysoperla_nipponensis,Asia,NA,NA,NA,in_situ,NA,NA,NA,NA,NA,NA,NA,NA,NA,NA,NA,NA,NA,NA,NA,NA,NA,NA,NA,NA,NA,NA,NA,NA,NA,NA,NA,NA,13.25,NA,NA,NA,NA,NA,NA,NA,NA,NA,NA,NA,NA,NA,NA,NA,NA,NA,NA,NA,NA,NA,NA,NA,NA,NA,NA,NA,NA,NA
101,Chrysoperla_nipponensis,Asia,Hebei_Province,NA,39¡53«N. 116¡70«E,in_situ,25,NA,NA,NA,NA,NA,NA,NA,NA,NA,NA,NA,NA,NA,NA,NA,NA,16_08_00,65,NA,NA,NA,NA,NA,NA,4.16,3.09,3.29,9.85,66.7,NA,NA,NA,NA,NA,NA,NA,NA,NA,53.43,NA,NA,NA,NA,NA,NA,NA,NA,488.87,NA,NA,NA,NA,NA,NA,NA,NA,NA
102,Chrysoperla_nipponensis,Asia,Hebei_Province,NA,39¡53«N. 116¡70«E,in_situ,25,NA,NA,NA,NA,NA,NA,NA,NA,NA,NA,NA,NA,NA,NA,NA,NA,16_08_00,65,NA,NA,NA,NA,NA,NA,4.03,2.89,3.26,9.95,78,NA,NA,NA,NA,NA,NA,NA,NA,NA,52.43,NA,NA,NA,NA,NA,NA,NA,NA,482.53,NA,NA,NA,NA,NA,NA,NA,NA,NA
103,Chrysoperla_nipponensis,Asia,Hebei_Province,NA,39¡53«N. 116¡70«E,in_situ,25,NA,NA,NA,NA,NA,NA,NA,NA,NA,NA,NA,NA,NA,NA,NA,NA,16_08_00,65,NA,NA,NA,NA,NA,NA,5.4,3.69,3.93,10.63,80,NA,NA,NA,NA,NA,NA,NA,NA,NA,52.33,NA,NA,NA,NA,NA,NA,NA,NA,413.07,NA,NA,NA,NA,NA,NA,NA,NA,NA
104,Chrysoperla_nipponensis,Asia,Hebei_Province,NA,39¡53«N. 116¡70«E,in_situ,25,NA,NA,NA,NA,NA,NA,NA,NA,NA,NA,NA,NA,NA,NA,NA,NA,16_08_00,65,NA,NA,NA,NA,NA,NA,4.09,2.92,3.72,9.76,82,NA,NA,NA,NA,NA,NA,NA,NA,NA,58.67,NA,NA,NA,NA,NA,NA,NA,NA,551.93,NA,NA,NA,NA,NA,NA,NA,NA,NA
105,Chrysoperla_nipponensis,Asia,Hebei_Province,NA,39¡53«N. 116¡70«E,in_situ,25,NA,NA,NA,NA,NA,NA,NA,NA,NA,NA,NA,NA,NA,NA,NA,NA,16_08_00,65,NA,NA,NA,NA,NA,NA,3.86,2.73,3.26,9.02,66.7,NA,NA,NA,NA,NA,NA,NA,NA,NA,51.67,NA,NA,NA,NA,NA,NA,NA,NA,421.33,NA,NA,NA,NA,NA,NA,NA,NA,NA
106,Chrysoperla_nipponensis,Asia,Hebei_Province,NA,39¡53«N. 116¡70«E,in_situ,25,NA,NA,NA,NA,NA,NA,NA,NA,NA,NA,NA,NA,NA,NA,NA,NA,16_08_00,65,NA,NA,NA,NA,NA,NA,3.73,2.7,3,9.33,60,NA,NA,NA,NA,NA,NA,NA,NA,NA,45.13,NA,NA,NA,NA,NA,NA,NA,NA,242.53,NA,NA,NA,NA,NA,NA,NA,NA,NA
107,Chrysopodes_lineafrons,South_America,Rio_de_Janeiro__Brazil,mixed-fruit_orchard,21¡450«S. 41¡180«W,in_situ,14.5,NA,NA,NA,NA,NA,NA,NA,NA,NA,NA,NA,NA,NA,NA,NA,NA,16_08_00,NA,NA,NA,0,NA,15.6,NA,15.1,13.5,NA,NA,0,0,NA,NA,NA,NA,NA,NA,NA,NA,0,NA,NA,NA,NA,NA,NA,NA,NA,0,NA,NA,NA,NA,NA,NA,NA,NA,NA
108,Chrysopodes_lineafrons,South_America,Rio_de_Janeiro__Brazil,mixed-fruit_orchard,21¡450«S. 41¡180«W,in_situ,18,NA,NA,NA,NA,NA,NA,NA,NA,NA,NA,NA,NA,NA,NA,NA,NA,16_08_00,NA,NA,NA,0,NA,11,NA,8.2,7.8,9.1,30.1,30.4,0.64,NA,NA,NA,NA,NA,NA,NA,NA,5.65,NA,NA,NA,NA,NA,NA,NA,NA,0,NA,NA,NA,NA,NA,NA,NA,NA,NA
109,Chrysopodes_lineafrons,South_America,Rio_de_Janeiro__Brazil,mixed-fruit_orchard,21¡450«S. 41¡180«W,in_situ,21.5,NA,NA,NA,NA,NA,NA,NA,NA,NA,NA,NA,NA,NA,NA,NA,NA,16_08_00,NA,NA,14.8,17.2,NA,8,NA,5.8,5.4,7.6,20.1,56.1,0.43,NA,NA,NA,NA,NA,NA,NA,NA,33.35,NA,NA,NA,NA,NA,NA,NA,NA,50.8,NA,NA,NA,NA,NA,NA,NA,NA,NA
110,Chrysopodes_lineafrons,South_America,Rio_de_Janeiro__Brazil,mixed-fruit_orchard,21¡450«S. 41¡180«W,in_situ,25,NA,NA,NA,NA,NA,NA,NA,NA,NA,NA,NA,NA,NA,NA,NA,NA,16_08_00,NA,NA,10,32.5,NA,5.1,NA,4.4,3.1,4.8,13.7,83,0.59,NA,NA,NA,NA,NA,NA,NA,NA,15.7,NA,NA,NA,NA,NA,NA,NA,NA,199,NA,NA,NA,NA,NA,NA,NA,NA,NA
111,Chrysopodes_lineafrons,South_America,Rio_de_Janeiro__Brazil,mixed-fruit_orchard,21¡450«S. 41¡180«W,in_situ,28.5,NA,NA,NA,NA,NA,NA,NA,NA,NA,NA,NA,NA,NA,NA,NA,NA,16_08_00,NA,NA,12,19.7,NA,4.7,NA,3.6,2.9,3.6,12,74.5,0.49,NA,NA,NA,NA,NA,NA,NA,NA,18.3,NA,NA,NA,NA,NA,NA,NA,NA,84.8,NA,NA,NA,NA,NA,NA,NA,NA,NA
112,Chrysopodes_lineafrons,South_America,Rio_de_Janeiro__Brazil,mixed-fruit_orchard,21¡450«S. 41¡180«W,in_vivo,26.7,NA,NA,NA,NA,NA,NA,NA,NA,NA,NA,NA,NA,NA,NA,NA,NA,NA,74.9,NA,7,8,NA,5.4,NA,4.7,3.8,3.7,13.5,85.2,0.52,NA,NA,NA,NA,NA,NA,NA,NA,18,NA,NA,NA,NA,NA,NA,NA,NA,49,NA,NA,NA,NA,NA,NA,NA,NA,NA
113,Chrysopodes_lineafrons,South_America,Rio_de_Janeiro__Brazil,mixed-fruit_orchard,21¡450«S. 41¡180«W,in_vivo,27.9,NA,NA,NA,NA,NA,NA,NA,NA,NA,NA,NA,NA,NA,NA,NA,NA,NA,73.8,NA,7.5,16.5,NA,4.5,NA,3.8,3.7,2.8,13.4,57.9,0.45,NA,NA,NA,NA,NA,NA,NA,NA,28.5,NA,NA,NA,NA,NA,NA,NA,NA,190,NA,NA,NA,NA,NA,NA,NA,NA,NA
114,Chrysopodes_lineafrons,South_America,Rio_de_Janeiro__Brazil,mixed-fruit_orchard,21¡450«S. 41¡180«W,in_vivo,26.8,NA,NA,NA,NA,NA,NA,NA,NA,NA,NA,NA,NA,NA,NA,NA,NA,NA,75.8,NA,8,33.7,NA,4.2,NA,4.1,4.6,3,13.9,91.1,0.51,NA,NA,NA,NA,NA,NA,NA,NA,47,NA,NA,NA,NA,NA,NA,NA,NA,262.7,NA,NA,NA,NA,NA,NA,NA,NA,NA
115,Chrysopodes_lineafrons,South_America,Rio_de_Janeiro__Brazil,mixed-fruit_orchard,21¡450«S. 41¡180«W,in_vivo,23.6,NA,NA,NA,NA,NA,NA,NA,NA,NA,NA,NA,NA,NA,NA,NA,NA,NA,77.9,NA,13.1,26.6,NA,5.4,NA,5.1,5.3,5.5,18.2,69.6,0.57,NA,NA,NA,NA,NA,NA,NA,NA,38.6,NA,NA,NA,NA,NA,NA,NA,NA,135.8,NA,NA,NA,NA,NA,NA,NA,NA,NA
116,Chrysopodes_lineafrons,South_America,Rio_de_Janeiro__Brazil,mixed-fruit_orchard,21¡450«S. 41¡180«W,in_vivo,21.7,NA,NA,NA,NA,NA,NA,NA,NA,NA,NA,NA,NA,NA,NA,NA,NA,NA,76.3,NA,13.2,24.6,NA,6.9,NA,6.5,4.9,4.9,20.2,69.8,0.58,NA,NA,NA,NA,NA,NA,NA,NA,39.6,NA,NA,NA,NA,NA,NA,NA,NA,167.5,NA,NA,NA,NA,NA,NA,NA,NA,NA
117,Chrysopodes_lineafrons,South_America,Rio_de_Janeiro__Brazil,mixed-fruit_orchard,21¡450«S. 41¡180«W,in_vivo,22.2,NA,NA,NA,NA,NA,NA,NA,NA,NA,NA,NA,NA,NA,NA,NA,NA,NA,75.6,NA,13.4,21.2,NA,7.3,NA,5.8,3.5,4.8,18.9,56.7,0.44,NA,NA,NA,NA,NA,NA,NA,NA,34,NA,NA,NA,NA,NA,NA,NA,NA,154.1,NA,NA,NA,NA,NA,NA,NA,NA,NA
118,Chrysopodes_lineafrons,South_America,Rio_de_Janeiro__Brazil,mixed-fruit_orchard,21¡450«S. 41¡180«W,in_vivo,23.3,NA,NA,NA,NA,NA,NA,NA,NA,NA,NA,NA,NA,NA,NA,NA,NA,NA,80.5,NA,9.5,34.2,NA,6.6,NA,5.6,4.2,5.5,16.6,63.7,0.53,NA,NA,NA,NA,NA,NA,NA,NA,43.3,NA,NA,NA,NA,NA,NA,NA,NA,185.5,NA,NA,NA,NA,NA,NA,NA,NA,NA
119,Chrysopodes_lineafrons,South_America,Rio_de_Janeiro__Brazil,mixed-fruit_orchard,21¡450«S. 41¡180«W,in_vivo,25.9,NA,NA,NA,NA,NA,NA,NA,NA,NA,NA,NA,NA,NA,NA,NA,NA,NA,78.3,NA,8.9,25.5,NA,5.2,NA,4.4,3.8,4.7,13.6,72.7,0.62,NA,NA,NA,NA,NA,NA,NA,NA,39.1,NA,NA,NA,NA,NA,NA,NA,NA,154.9,NA,NA,NA,NA,NA,NA,NA,NA,NA
120,Chrysotropia_ciliata,Europe,NA,NA,NA,in_vivo,NA,NA,NA,NA,NA,NA,NA,NA,NA,NA,NA,NA,NA,NA,NA,NA,NA,NA,NA,NA,NA,NA,NA,NA,NA,NA,NA,NA,NA,NA,NA,NA,NA,NA,NA,NA,NA,NA,NA,NA,1,2,1.5,NA,NA,NA,NA,NA,NA,NA,NA,183,L,NA,NA,500,1000,750
121,Coniopteryx_tineiformis,Europe,NA,NA,NA,in_vivo,NA,NA,NA,NA,NA,NA,NA,NA,NA,NA,NA,NA,NA,NA,NA,NA,NA,NA,NA,NA,NA,NA,NA,NA,NA,NA,NA,NA,NA,NA,NA,NA,NA,NA,NA,NA,NA,NA,NA,NA,2,3,2.5,NA,NA,NA,NA,NA,NA,NA,NA,214,PL,NA,NA,NA,1000,NA
122,Conwentzia_pineticola,Europe,NA,NA,NA,in_vivo,NA,NA,NA,NA,NA,NA,NA,NA,NA,NA,NA,NA,NA,NA,NA,NA,NA,NA,NA,NA,NA,NA,NA,NA,NA,NA,NA,NA,NA,NA,NA,NA,NA,NA,NA,NA,NA,NA,NA,NA,2,3,2.5,NA,NA,NA,NA,NA,NA,NA,NA,214,PL,NA,NA,NA,NA,NA
123,Conwentzia_psociformis,Europe,NA,NA,NA,in_vivo,NA,NA,NA,NA,NA,NA,NA,NA,NA,NA,NA,NA,NA,NA,NA,NA,NA,NA,NA,NA,NA,NA,NA,NA,NA,NA,NA,NA,NA,NA,NA,NA,NA,NA,NA,NA,NA,NA,NA,NA,2,3,2.5,NA,NA,NA,NA,NA,NA,NA,NA,214,PL,NA,NA,500,1800,1150
124,Cunctochrysa_albolineata,Europe,NA,NA,NA,in_vivo,NA,NA,NA,NA,NA,NA,NA,NA,NA,NA,NA,NA,NA,NA,NA,NA,NA,NA,NA,NA,NA,NA,NA,NA,NA,NA,NA,NA,NA,NA,NA,NA,NA,NA,NA,NA,NA,NA,NA,NA,NA,NA,2,NA,NA,NA,NA,NA,NA,NA,NA,184,L_ PL,NA,NA,NA,2100,NA
125,Drepanepteryx_phalaenoides,Europe,NA,NA,NA,in_vivo,NA,NA,NA,NA,NA,NA,NA,NA,NA,NA,NA,NA,NA,NA,NA,NA,NA,NA,NA,NA,NA,NA,NA,NA,NA,NA,NA,NA,NA,NA,NA,NA,NA,NA,NA,NA,NA,NA,NA,NA,1,2,1.5,NA,NA,NA,NA,NA,NA,NA,NA,365,I,NA,NA,NA,1500,NA
126,Euroleon_nostras,Europe,NA,NA,NA,in_vivo,NA,NA,NA,NA,NA,NA,NA,NA,NA,NA,NA,NA,NA,NA,NA,NA,NA,NA,NA,NA,NA,NA,NA,NA,NA,NA,NA,NA,NA,NA,NA,NA,NA,NA,NA,NA,NA,NA,NA,NA,NA,NA,1,NA,NA,NA,NA,NA,NA,NA,NA,122,L,NA,NA,NA,1500,NA
127,Hemerobius_atrifrons,Europe,NA,NA,NA,in_vivo,NA,NA,NA,NA,NA,NA,NA,NA,NA,NA,NA,NA,NA,NA,NA,NA,NA,NA,NA,NA,NA,NA,NA,NA,NA,NA,NA,NA,NA,NA,NA,NA,NA,NA,NA,NA,NA,NA,NA,NA,NA,NA,2,NA,NA,NA,NA,NA,NA,NA,NA,214,PL,NA,NA,NA,1000,NA
128,Hemerobius_humulinus,Europe,NA,NA,NA,in_situ,NA,NA,NA,NA,NA,NA,NA,NA,NA,NA,NA,NA,NA,NA,NA,NA,NA,NA,NA,NA,NA,NA,NA,8,NA,2,2.5,6,17,NA,NA,NA,NA,NA,NA,NA,35.5,NA,NA,NA,2,3,2.5,NA,NA,NA,NA,NA,NA,NA,NA,NA,NA,NA,NA,NA,NA,NA
129,Hemerobius_marginatus,Europe,NA,NA,NA,in_vivo,NA,NA,NA,NA,NA,NA,NA,NA,NA,NA,NA,NA,NA,NA,NA,NA,NA,NA,NA,NA,NA,NA,NA,NA,NA,NA,NA,NA,NA,NA,NA,NA,NA,NA,NA,NA,NA,NA,NA,NA,1,2,1.5,NA,NA,NA,NA,NA,NA,NA,NA,153,Y,NA,NA,NA,1000,NA
130,Hemerobius_micans,Europe,NA,NA,NA,in_vivo,NA,NA,NA,NA,NA,NA,NA,NA,NA,NA,NA,NA,NA,NA,NA,NA,NA,NA,NA,NA,NA,NA,NA,NA,NA,NA,NA,NA,NA,NA,NA,NA,NA,NA,NA,NA,NA,NA,NA,NA,2,4,3,NA,NA,NA,NA,NA,NA,NA,NA,275,PL,NA,NA,NA,1500,NA
131,Hemerobius_nitidulus,Europe,NA,NA,NA,in_vivo,NA,NA,NA,NA,NA,NA,NA,NA,NA,NA,NA,NA,NA,NA,NA,NA,NA,NA,NA,NA,NA,NA,NA,NA,NA,NA,NA,NA,NA,NA,NA,NA,NA,NA,NA,NA,NA,NA,NA,NA,2,4,3,NA,NA,NA,NA,NA,NA,NA,NA,214,L,NA,NA,NA,2200,NA
132,Hemerobius_nitidulus,Europe,NA,NA,NA,in_situ,NA,NA,NA,NA,NA,NA,NA,NA,NA,NA,NA,NA,NA,NA,NA,NA,NA,NA,NA,NA,NA,NA,NA,6,NA,6,8,11,32,NA,NA,NA,NA,NA,NA,NA,NA,NA,NA,NA,2,3,2.5,NA,NA,NA,NA,NA,NA,NA,NA,NA,L,NA,NA,NA,2200,NA
133,Hemerobius_stigma,Europe,NA,NA,NA,in_situ,NA,NA,NA,NA,NA,NA,NA,NA,NA,NA,NA,NA,NA,NA,NA,NA,NA,NA,NA,NA,NA,NA,NA,NA,NA,NA,NA,NA,NA,NA,NA,NA,NA,NA,NA,NA,NA,NA,NA,NA,NA,NA,2,NA,NA,NA,NA,NA,NA,NA,NA,365,PL_I,NA,NA,NA,NA,NA
134,Hypochrysa_elegans,Europe,NA,NA,NA,in_situ,NA,NA,NA,NA,NA,NA,NA,NA,NA,NA,NA,NA,NA,NA,NA,NA,NA,NA,NA,NA,NA,NA,NA,10.6,NA,7.3,7.3,12.5,NA,NA,NA,NA,NA,NA,NA,NA,NA,NA,NA,NA,NA,NA,1,NA,NA,NA,NA,NA,NA,NA,NA,122,L,NA,NA,500,1500,1000
135,Kymachrysa_placita,North_America,eastern_and_western_United_States,NA,NA,in_situ,24,NA,NA,NA,NA,NA,NA,NA,NA,NA,NA,NA,NA,NA,NA,NA,NA,NA,NA,NA,NA,NA,NA,NA,NA,NA,NA,NA,NA,13,NA,NA,NA,NA,13,53,33,NA,NA,NA,NA,NA,NA,NA,NA,NA,NA,NA,NA,NA,NA,NA,NA,NA,39.67,NA,NA,NA
136,Kymachrysa_placita,North_America,eastern_and_western_United_States,NA,NA,in_situ,24,NA,NA,NA,NA,NA,NA,NA,NA,NA,NA,NA,NA,NA,NA,NA,NA,10_14_00,NA,NA,NA,NA,NA,8.5,NA,19,NA,NA,NA,53,NA,NA,NA,NA,NA,NA,NA,NA,NA,NA,NA,NA,NA,NA,NA,NA,NA,NA,NA,NA,NA,NA,NA,NA,NA,NA,NA,NA
137,Kymachrysa_placita,North_America,eastern_and_western_United_States,NA,NA,in_situ,24,NA,NA,NA,NA,NA,NA,NA,NA,NA,NA,NA,NA,NA,NA,NA,NA,12_12_00,NA,NA,NA,NA,NA,9,NA,16,81,NA,NA,53,NA,NA,NA,NA,NA,NA,NA,NA,NA,NA,NA,NA,NA,NA,NA,NA,NA,NA,NA,NA,NA,NA,NA,NA,NA,NA,NA,NA
138,Kymachrysa_placita,North_America,eastern_and_western_United_States,NA,NA,in_situ,24,NA,NA,NA,NA,NA,NA,NA,NA,NA,NA,NA,NA,NA,NA,NA,NA,14_10_00,NA,NA,NA,NA,NA,8,NA,18,71,16,22,0,NA,NA,NA,NA,NA,NA,NA,NA,NA,NA,NA,NA,NA,NA,NA,NA,NA,NA,NA,NA,NA,NA,NA,NA,NA,NA,NA,NA
139,Kymachrysa_placita,North_America,eastern_and_western_United_States,NA,NA,in_situ,24,NA,NA,NA,NA,NA,NA,NA,NA,NA,NA,NA,NA,NA,NA,NA,NA,16_08_00,NA,NA,NA,NA,NA,9.5,NA,8,7,8,22.5,0,NA,NA,NA,NA,NA,NA,NA,NA,NA,NA,NA,NA,NA,NA,NA,NA,NA,NA,NA,NA,NA,NA,NA,NA,NA,NA,NA,NA
140,Leucochrysa_varia,South_America,Desengano_State_Park_in_northern_Rio_de_Janeiro_State__Brazil,NA,NA,in_situ,18,NA,NA,NA,NA,NA,NA,NA,NA,NA,NA,NA,NA,NA,NA,NA,NA,16_08_00,75,NA,NA,NA,NA,10.5,NA,11.7,11.6,14.3,31.2,20,NA,NA,NA,NA,NA,NA,NA,NA,NA,NA,NA,NA,NA,NA,NA,NA,NA,NA,NA,NA,NA,NA,NA,NA,NA,NA,NA,NA
141,Leucochrysa_varia,South_America,Desengano_State_Park_in_northern_Rio_de_Janeiro_State__Brazil,NA,NA,in_situ,21,NA,NA,NA,NA,NA,NA,NA,NA,NA,NA,NA,NA,NA,NA,NA,NA,16_08_00,75,NA,NA,NA,NA,8.9,NA,9.3,9.8,12.2,26.3,12,NA,NA,NA,NA,NA,NA,NA,NA,NA,NA,NA,NA,NA,NA,NA,NA,NA,NA,NA,NA,NA,NA,NA,NA,NA,NA,NA,NA
142,Leucochrysa_varia,South_America,Desengano_State_Park_in_northern_Rio_de_Janeiro_State__Brazil,NA,NA,in_situ,24,NA,NA,NA,NA,NA,NA,NA,NA,NA,NA,NA,NA,NA,NA,NA,NA,16_08_00,75,NA,NA,NA,NA,6.2,NA,6.5,6.6,9.1,20.4,32,NA,NA,NA,NA,NA,NA,NA,NA,NA,NA,NA,NA,NA,NA,NA,NA,NA,NA,NA,NA,NA,NA,NA,NA,NA,NA,NA,NA
143,Leucochrysa_varia,South_America,Desengano_State_Park_in_northern_Rio_de_Janeiro_State__Brazil,NA,NA,in_situ,27,NA,NA,NA,NA,NA,NA,NA,NA,NA,NA,NA,NA,NA,NA,NA,NA,16_08_00,75,NA,NA,NA,NA,5.5,NA,6.2,5.7,9.7,0,0,NA,NA,NA,NA,NA,NA,NA,NA,NA,NA,NA,NA,NA,NA,NA,NA,NA,NA,NA,NA,NA,NA,NA,NA,NA,NA,NA,NA
144,Leucochrysa_varia,South_America,Desengano_State_Park_in_northern_Rio_de_Janeiro_State__Brazil,NA,NA,in_situ,30,NA,NA,NA,NA,NA,NA,NA,NA,NA,NA,NA,NA,NA,NA,NA,NA,16_08_00,75,NA,NA,NA,NA,5,NA,6.1,5.9,9,0,0,NA,NA,NA,NA,NA,NA,NA,NA,NA,NA,NA,NA,NA,NA,NA,NA,NA,NA,NA,NA,NA,NA,NA,NA,NA,NA,NA,NA
145,Libelloides_macaronius,Europe,NA,NA,NA,in_situ,NA,NA,NA,NA,NA,NA,NA,NA,NA,NA,NA,NA,NA,NA,NA,NA,NA,NA,NA,NA,NA,NA,NA,NA,NA,NA,NA,NA,NA,NA,NA,NA,NA,NA,NA,NA,NA,NA,NA,NA,NA,NA,1,NA,NA,NA,NA,NA,NA,NA,NA,123,L,NA,NA,NA,2000,NA
146,Mallada_basalis,Asia,Wenchang_City__Hainan_Prov__China,NA,NA,in_situ,26,NA,NA,NA,NA,NA,NA,NA,NA,NA,NA,NA,NA,NA,NA,NA,NA,16_08_00,70,NA,NA,22.7,NA,NA,NA,5.53,3.07,4.48,9.05,NA,NA,NA,NA,NA,NA,NA,NA,NA,NA,39.4,NA,NA,NA,NA,NA,NA,NA,NA,473.67,NA,NA,NA,NA,NA,NA,NA,NA,NA
147,Mallada_desjardinsi,Europe,NA,NA,NA,in_situ,NA,NA,NA,NA,NA,NA,NA,NA,NA,NA,NA,NA,NA,NA,NA,NA,NA,NA,NA,NA,NA,NA,NA,4,NA,4.5,4.8,5.9,11.7,NA,NA,NA,NA,NA,NA,NA,NA,NA,NA,NA,NA,NA,NA,NA,NA,NA,NA,NA,NA,NA,NA,NA,NA,NA,NA,NA,NA,NA
148,Mallada_desjardinsi,Asia,Jorhat_region_of_Assam__India,NA,26¡75_N 94¡22_E,in_situ,25,NA,NA,NA,NA,NA,NA,NA,NA,NA,NA,NA,NA,NA,NA,NA,NA,16_08_00,75,NA,6.37,32.13,NA,NA,88.5,3.57,4.07,5.17,10.27,89.53,NA,NA,NA,NA,NA,NA,NA,NA,NA,75.64,NA,NA,NA,NA,NA,NA,NA,NA,185.97,NA,NA,NA,NA,NA,NA,NA,NA,NA
149,Mallada_desjardinsi,Asia,Jorhat_region_of_Assam__India,NA,26¡75_N 94¡22_E,in_situ,25,NA,NA,NA,NA,NA,NA,NA,NA,NA,NA,NA,NA,NA,NA,NA,NA,16_08_00,75,NA,6.6,32.4,NA,NA,88.03,3.9,4.47,5.5,10.57,88.9,NA,NA,NA,NA,NA,NA,NA,NA,NA,74.34,NA,NA,NA,NA,NA,NA,NA,NA,184.27,NA,NA,NA,NA,NA,NA,NA,NA,NA
150,Mantispa_styriaca,Europe,NA,NA,NA,in_situ,NA,NA,NA,NA,NA,NA,NA,NA,NA,NA,NA,NA,NA,NA,NA,NA,NA,NA,NA,NA,NA,NA,NA,NA,NA,NA,NA,NA,NA,NA,NA,NA,NA,NA,NA,NA,NA,NA,NA,NA,NA,NA,NA,NA,NA,NA,NA,NA,NA,NA,NA,123,L,NA,NA,NA,1000,NA
151,Megalomus_fidelis,North_America,College_Park__Maryland,NA,NA,in_situ,NA,NA,NA,NA,NA,NA,NA,NA,NA,NA,NA,NA,NA,NA,NA,NA,NA,NA,NA,NA,NA,NA,NA,7.6,NA,3.4,3.5,4.5,17.6,NA,NA,NA,NA,NA,NA,NA,NA,NA,NA,NA,NA,NA,NA,NA,NA,NA,NA,NA,94,NA,NA,NA,NA,NA,NA,NA,NA,NA
152,Megalomus_hirtus,Europe,NA,NA,NA,in_situ,NA,NA,NA,NA,NA,NA,NA,NA,NA,NA,NA,NA,NA,NA,NA,NA,NA,NA,NA,NA,NA,NA,NA,NA,NA,NA,NA,NA,NA,NA,NA,NA,NA,NA,NA,NA,NA,NA,NA,NA,1,2,1.5,NA,NA,NA,NA,NA,NA,NA,NA,153,P,NA,NA,NA,1400,NA
153,Megistopus_flavicornis,Europe,NA,NA,NA,in_situ,NA,NA,NA,NA,NA,NA,NA,NA,NA,NA,NA,NA,NA,NA,NA,NA,NA,NA,NA,NA,NA,NA,NA,NA,NA,NA,NA,NA,NA,NA,NA,NA,NA,NA,NA,NA,NA,NA,NA,NA,NA,NA,1,NA,NA,NA,NA,NA,NA,NA,NA,92,L,NA,NA,NA,2000,NA
154,Meleoma_dolicharthra,Europe,NA,NA,NA,in_situ,NA,NA,NA,NA,NA,NA,NA,NA,NA,NA,NA,NA,NA,NA,NA,NA,NA,NA,NA,NA,NA,NA,NA,6.3,NA,6.7,6,11.1,10.5,NA,NA,NA,NA,NA,NA,NA,NA,NA,NA,NA,NA,NA,NA,NA,NA,NA,NA,NA,NA,NA,NA,NA,NA,188.1,NA,NA,NA,NA
155,Meleoma_emuncta,Europe,NA,NA,NA,in_situ,NA,NA,NA,NA,NA,NA,NA,NA,NA,NA,NA,NA,NA,NA,NA,NA,NA,NA,NA,NA,NA,NA,NA,7.7,NA,7.5,4.9,9.1,13.2,NA,NA,NA,NA,NA,NA,NA,NA,NA,NA,NA,NA,NA,NA,NA,NA,NA,NA,NA,NA,NA,NA,NA,NA,216.4,NA,NA,NA,NA
156,Meleoma_kennethi,Europe,NA,NA,NA,in_situ,NA,NA,NA,NA,NA,NA,NA,NA,NA,NA,NA,NA,NA,NA,NA,NA,NA,NA,NA,NA,NA,NA,NA,5.8,NA,6.3,6.6,12.5,11.4,NA,NA,NA,NA,NA,NA,NA,NA,NA,NA,NA,NA,NA,NA,NA,NA,NA,NA,NA,NA,NA,NA,NA,NA,NA,NA,NA,NA,NA
157,Meleoma_schwarzi,Europe,NA,NA,NA,in_situ,NA,NA,NA,NA,NA,NA,NA,NA,NA,NA,NA,NA,NA,NA,NA,NA,NA,NA,NA,NA,NA,NA,NA,8.2,NA,9.6,10.8,11.9,29,NA,NA,NA,NA,NA,NA,NA,NA,NA,NA,NA,NA,NA,NA,NA,NA,NA,NA,NA,NA,NA,NA,NA,NA,NA,NA,NA,NA,NA
158,Micromus_angulatus,Europe,NA,NA,NA,in_vivo,NA,NA,NA,NA,NA,NA,NA,NA,NA,NA,NA,NA,NA,NA,NA,NA,NA,16_08_00,70,NA,5.95,NA,NA,NA,NA,NA,NA,NA,NA,NA,NA,NA,NA,NA,NA,NA,NA,NA,NA,NA,2,5,3.5,NA,NA,NA,NA,NA,NA,NA,NA,365,I,NA,NA,NA,1200,NA
159,Micromus_angulatus,Europe,France,agrocenosis,NA,in_situ,20,NA,NA,NA,NA,NA,NA,NA,NA,NA,NA,NA,NA,NA,NA,NA,NA,NA,NA,NA,NA,NA,NA,NA,NA,NA,NA,NA,NA,NA,NA,NA,NA,NA,NA,NA,NA,NA,NA,125,NA,NA,NA,NA,NA,NA,NA,NA,705.8,NA,NA,NA,NA,NA,NA,NA,NA,NA
160,Micromus_paganus,Europe,NA,NA,NA,in_situ,NA,NA,NA,NA,NA,NA,NA,NA,NA,NA,NA,NA,NA,NA,NA,NA,NA,NA,NA,NA,NA,NA,NA,NA,NA,NA,NA,NA,NA,NA,NA,NA,NA,NA,NA,NA,NA,NA,NA,NA,NA,NA,2,NA,NA,NA,NA,NA,NA,NA,NA,184,I,NA,NA,NA,2000,NA
161,Micromus_tasmaniae,Europe,zonda_resources_Ltd__Pukekohe__New_Zealand,NA,NA,in_situ,21,NA,NA,NA,NA,NA,NA,NA,NA,NA,NA,NA,NA,NA,NA,NA,NA,16_08_00,60,NA,NA,39.22,NA,NA,NA,NA,NA,NA,NA,NA,NA,NA,NA,NA,NA,NA,NA,NA,NA,NA,NA,NA,NA,NA,NA,NA,153.2,256.69,301.95,NA,NA,NA,NA,NA,NA,NA,NA,NA
162,Micromus_tasmaniae,Europe,NA,NA,NA,in_situ,10,NA,NA,NA,NA,NA,NA,NA,NA,NA,NA,NA,NA,NA,NA,NA,NA,NA,NA,NA,NA,NA,NA,16,NA,NA,NA,NA,39,NA,NA,NA,NA,NA,NA,NA,NA,NA,NA,NA,NA,NA,NA,NA,NA,NA,NA,NA,NA,NA,NA,NA,NA,NA,NA,NA,NA,NA
163,Micromus_tasmaniae,Europe,NA,NA,NA,in_situ,15,NA,NA,NA,NA,NA,NA,NA,NA,NA,NA,NA,NA,NA,NA,NA,NA,NA,NA,NA,NA,NA,NA,10,NA,NA,NA,NA,18,NA,NA,NA,NA,NA,NA,NA,NA,NA,NA,NA,NA,NA,NA,NA,NA,NA,NA,NA,NA,NA,NA,NA,NA,NA,NA,NA,NA,NA
164,Micromus_tasmaniae,Europe,NA,NA,NA,in_situ,20,NA,NA,NA,NA,NA,NA,NA,NA,NA,NA,NA,NA,NA,NA,NA,NA,NA,NA,NA,NA,NA,NA,6,NA,NA,NA,NA,11.3,NA,NA,NA,NA,NA,NA,NA,NA,NA,NA,NA,NA,NA,NA,NA,NA,NA,NA,NA,NA,NA,NA,NA,NA,NA,NA,NA,NA,NA
165,Micromus_tasmaniae,Europe,NA,NA,NA,in_situ,25,NA,NA,NA,NA,NA,NA,NA,NA,NA,NA,NA,NA,NA,NA,NA,NA,NA,NA,NA,NA,NA,NA,5.8,NA,NA,NA,NA,10,NA,NA,NA,NA,NA,NA,NA,NA,NA,NA,NA,NA,NA,NA,NA,NA,NA,NA,NA,NA,NA,NA,NA,NA,NA,NA,NA,NA,NA
166,Micromus_tasmaniae,Europe,NA,NA,NA,in_situ,30,NA,NA,NA,NA,NA,NA,NA,NA,NA,NA,NA,NA,NA,NA,NA,NA,NA,NA,NA,NA,NA,NA,4,NA,NA,NA,NA,0,NA,NA,NA,NA,NA,NA,NA,NA,NA,NA,NA,NA,NA,NA,NA,NA,NA,NA,NA,NA,NA,NA,NA,NA,NA,0,NA,NA,NA
167,Micromus_variegatus,Europe,NA,NA,NA,in_vivo,NA,NA,NA,NA,NA,NA,NA,NA,NA,NA,NA,NA,NA,NA,NA,NA,NA,NA,NA,NA,NA,NA,NA,NA,NA,NA,NA,NA,NA,NA,NA,NA,NA,NA,NA,NA,NA,NA,NA,NA,NA,NA,2,NA,NA,NA,NA,NA,NA,NA,NA,244,NA,NA,NA,NA,1500,NA
168,Myrmeleon_formicarius,Europe,NA,NA,NA,in_vivo,NA,NA,NA,NA,NA,NA,NA,NA,NA,NA,NA,NA,NA,NA,NA,NA,NA,NA,NA,NA,NA,NA,NA,NA,NA,NA,NA,NA,NA,NA,NA,NA,NA,NA,NA,NA,NA,NA,NA,NA,NA,NA,1,NA,NA,NA,NA,NA,NA,NA,NA,123,L,NA,NA,NA,1700,NA
169,Nineta_inpunctata,Europe,NA,NA,NA,in_vivo,NA,NA,NA,NA,NA,NA,NA,NA,NA,NA,NA,NA,NA,NA,NA,NA,NA,NA,NA,NA,NA,NA,NA,NA,NA,NA,NA,NA,NA,NA,NA,NA,NA,NA,NA,NA,NA,NA,NA,NA,NA,NA,NA,NA,NA,NA,NA,NA,NA,NA,NA,92,NA,NA,NA,150,1400,775
170,Nineta_pallida,Europe,NA,NA,NA,in_vivo,NA,NA,NA,NA,NA,NA,NA,NA,NA,NA,NA,NA,NA,NA,NA,NA,NA,NA,NA,NA,NA,NA,NA,NA,NA,NA,NA,NA,NA,NA,NA,NA,NA,NA,NA,NA,NA,NA,NA,NA,NA,NA,NA,NA,NA,NA,NA,NA,NA,NA,NA,123,NA,NA,NA,NA,1700,NA
171,Nineta_pallida,Europe,central_Pyrenees,NA,NA,in_situ,21,NA,NA,NA,NA,NA,NA,NA,NA,NA,NA,NA,NA,NA,NA,NA,NA,16_06_00,70,NA,NA,NA,NA,NA,NA,9,7,NA,NA,NA,NA,NA,NA,NA,NA,NA,NA,NA,NA,NA,NA,NA,NA,NA,NA,NA,NA,NA,NA,NA,NA,NA,NA,NA,NA,1000,1400,1200
172,Nineta_pallida,Europe,central_Pyrenees,NA,NA,in_situ,21,NA,NA,NA,NA,NA,NA,NA,NA,NA,NA,NA,NA,NA,NA,NA,NA,16_05_00,70,NA,NA,NA,NA,NA,NA,10.5,6.9,NA,NA,NA,NA,NA,NA,NA,NA,NA,NA,NA,NA,NA,NA,NA,NA,NA,NA,NA,NA,NA,NA,NA,NA,NA,NA,NA,NA,NA,NA,NA
173,Nineta_pallida,Europe,central_Pyrenees,NA,NA,in_situ,21,NA,NA,NA,NA,NA,NA,NA,NA,NA,NA,NA,NA,NA,NA,NA,NA,16_04_00,70,NA,NA,NA,NA,NA,NA,14.6,6.6,NA,NA,NA,NA,NA,NA,NA,NA,NA,NA,NA,NA,NA,NA,NA,NA,NA,NA,NA,NA,NA,NA,NA,NA,NA,NA,NA,NA,NA,NA,NA
174,Nineta_pallida,Europe,central_Pyrenees,NA,NA,in_situ,21,NA,NA,NA,NA,NA,NA,NA,NA,NA,NA,NA,NA,NA,NA,NA,NA,16_03_00,70,NA,NA,NA,NA,NA,NA,13.2,6.7,NA,NA,NA,NA,NA,NA,NA,NA,NA,NA,NA,NA,NA,NA,NA,NA,NA,NA,NA,NA,NA,NA,NA,NA,NA,NA,NA,NA,NA,NA,NA
175,Nineta_pallida,Europe,central_Pyrenees,NA,NA,in_situ,21,NA,NA,NA,NA,NA,NA,NA,NA,NA,NA,NA,NA,NA,NA,NA,NA,16_02_00,70,NA,NA,NA,NA,NA,NA,9.2,6.9,NA,NA,NA,NA,NA,NA,NA,NA,NA,NA,NA,NA,NA,NA,NA,NA,NA,NA,NA,NA,NA,NA,NA,NA,NA,NA,NA,NA,NA,NA,NA
176,Nineta_pallida,Europe,central_Pyrenees,NA,NA,in_situ,21,NA,NA,NA,NA,NA,NA,NA,NA,NA,NA,NA,NA,NA,NA,NA,NA,16_01_00,70,NA,NA,NA,NA,NA,NA,5.8,6.8,NA,NA,NA,NA,NA,NA,NA,NA,NA,NA,NA,NA,NA,NA,NA,NA,NA,NA,NA,NA,NA,NA,NA,NA,NA,NA,NA,NA,NA,NA,NA
177,Nineta_pallida,Europe,central_Pyrenees,NA,NA,in_situ,21,NA,NA,NA,NA,NA,NA,NA,NA,NA,NA,NA,NA,NA,NA,NA,NA,16_00_00,70,NA,NA,NA,NA,NA,NA,5.2,6.7,NA,NA,NA,NA,NA,NA,NA,NA,NA,NA,NA,NA,NA,NA,NA,NA,NA,NA,NA,NA,NA,NA,NA,NA,NA,NA,NA,NA,NA,NA,NA
178,Nineta_pallida,Europe,central_Pyrenees,NA,NA,in_situ,21,NA,NA,NA,NA,NA,NA,NA,NA,NA,NA,NA,NA,NA,NA,NA,NA,16_01_00,70,NA,NA,NA,NA,NA,NA,4.1,6.6,10,NA,NA,NA,NA,NA,NA,NA,NA,NA,NA,NA,NA,NA,NA,NA,NA,NA,NA,NA,NA,NA,NA,NA,NA,NA,NA,NA,NA,NA,NA
179,Nineta_pallida,Europe,central_Pyrenees,NA,NA,in_situ,21,NA,NA,NA,NA,NA,NA,NA,NA,NA,NA,NA,NA,NA,NA,NA,NA,16_02_00,70,NA,NA,NA,NA,NA,NA,1.6,6.8,9.5,NA,NA,NA,NA,NA,NA,NA,NA,NA,NA,NA,NA,NA,NA,NA,NA,NA,NA,NA,NA,NA,NA,NA,NA,NA,NA,NA,NA,NA,NA
180,Nineta_pallida,Europe,central_Pyrenees,NA,NA,in_situ,21,NA,NA,NA,NA,NA,NA,NA,NA,NA,NA,NA,NA,NA,NA,NA,NA,16_03_00,70,NA,NA,NA,NA,NA,NA,NA,6.4,9.7,NA,NA,NA,NA,NA,NA,NA,NA,NA,NA,NA,NA,NA,NA,NA,NA,NA,NA,NA,NA,NA,NA,NA,NA,NA,NA,NA,NA,NA,NA
181,Nineta_pallida,Europe,central_Pyrenees,NA,NA,in_situ,21,NA,NA,NA,NA,NA,NA,NA,NA,NA,NA,NA,NA,NA,NA,NA,NA,16_04_00,70,NA,NA,NA,NA,NA,NA,NA,6.8,9.2,NA,NA,NA,NA,NA,NA,NA,NA,NA,NA,NA,NA,NA,NA,NA,NA,NA,NA,NA,NA,NA,NA,NA,NA,NA,NA,NA,NA,NA,NA
182,Nineta_pallida,Europe,central_Pyrenees,NA,NA,in_situ,21,NA,NA,NA,NA,NA,NA,NA,NA,NA,NA,NA,NA,NA,NA,NA,NA,16_05_00,70,NA,NA,NA,NA,NA,NA,NA,5.3,9.2,NA,NA,NA,NA,NA,NA,NA,NA,NA,NA,NA,NA,NA,NA,NA,NA,NA,NA,NA,NA,NA,NA,NA,NA,NA,NA,NA,NA,NA,NA
183,Nineta_pallida,Europe,central_Pyrenees,NA,NA,in_situ,21,NA,NA,NA,NA,NA,NA,NA,NA,NA,NA,NA,NA,NA,NA,NA,NA,16_06_00,70,NA,NA,NA,NA,NA,NA,NA,NA,11.5,NA,NA,NA,NA,NA,NA,NA,NA,NA,NA,NA,NA,NA,NA,NA,NA,NA,NA,NA,NA,NA,NA,NA,NA,NA,NA,NA,NA,NA,NA
184,Nineta_pallida,Europe,central_Pyrenees,NA,NA,in_situ,21,NA,NA,NA,NA,NA,NA,NA,NA,NA,NA,NA,NA,NA,NA,NA,NA,16_07_00,70,NA,NA,NA,NA,NA,NA,NA,NA,8.1,NA,NA,NA,NA,NA,NA,NA,NA,NA,NA,NA,NA,NA,NA,NA,NA,NA,NA,NA,NA,NA,NA,NA,NA,NA,NA,NA,NA,NA,NA
185,Nineta_pallida,Europe,central_Pyrenees,NA,NA,in_situ,21,NA,NA,NA,NA,NA,NA,NA,NA,NA,NA,NA,NA,NA,NA,NA,NA,16_08_00,70,NA,NA,NA,NA,NA,NA,NA,NA,4.5,NA,NA,NA,NA,NA,NA,NA,NA,NA,NA,NA,NA,NA,NA,NA,NA,NA,NA,NA,NA,NA,NA,NA,NA,NA,NA,NA,NA,NA,NA
186,Nineta_pallida,Europe,NA,NA,NA,in_situ,NA,NA,NA,NA,NA,NA,NA,NA,NA,NA,NA,NA,NA,NA,NA,NA,NA,08_06_00,NA,NA,NA,NA,NA,NA,NA,22.2,10.6,NA,NA,NA,NA,NA,NA,NA,NA,NA,NA,NA,NA,NA,NA,NA,NA,NA,NA,NA,NA,NA,NA,NA,NA,NA,NA,NA,NA,NA,NA,NA
187,Nineta_pallida,Europe,NA,NA,NA,in_situ,NA,NA,NA,NA,NA,NA,NA,NA,NA,NA,NA,NA,NA,NA,NA,NA,NA,08_07_00,NA,NA,NA,NA,NA,NA,NA,35.6,11.7,NA,NA,NA,NA,NA,NA,NA,NA,NA,NA,NA,NA,NA,NA,NA,NA,NA,NA,NA,NA,NA,NA,NA,NA,NA,NA,NA,NA,NA,NA,NA
188,Nineta_pallida,Europe,NA,NA,NA,in_situ,NA,NA,NA,NA,NA,NA,NA,NA,NA,NA,NA,NA,NA,NA,NA,NA,NA,08_08_00,NA,NA,NA,NA,NA,NA,NA,42,11.3,NA,NA,NA,NA,NA,NA,NA,NA,NA,NA,NA,NA,NA,NA,NA,NA,NA,NA,NA,NA,NA,NA,NA,NA,NA,NA,NA,NA,NA,NA,NA
189,Nineta_pallida,Europe,NA,NA,NA,in_situ,NA,NA,NA,NA,NA,NA,NA,NA,NA,NA,NA,NA,NA,NA,NA,NA,NA,08_09_00,NA,NA,NA,NA,NA,NA,NA,36.6,10.2,NA,NA,NA,NA,NA,NA,NA,NA,NA,NA,NA,NA,NA,NA,NA,NA,NA,NA,NA,NA,NA,NA,NA,NA,NA,NA,NA,NA,NA,NA,NA
190,Nineta_pallida,Europe,NA,NA,NA,in_situ,NA,NA,NA,NA,NA,NA,NA,NA,NA,NA,NA,NA,NA,NA,NA,NA,NA,08_10_00,NA,NA,NA,NA,NA,NA,NA,21.5,10.5,NA,NA,NA,NA,NA,NA,NA,NA,NA,NA,NA,NA,NA,NA,NA,NA,NA,NA,NA,NA,NA,NA,NA,NA,NA,NA,NA,NA,NA,NA,NA
191,Nineta_pallida,Europe,NA,NA,NA,in_situ,NA,NA,NA,NA,NA,NA,NA,NA,NA,NA,NA,NA,NA,NA,NA,NA,NA,08_11_00,NA,NA,NA,NA,NA,NA,NA,8.5,12.2,NA,NA,NA,NA,NA,NA,NA,NA,NA,NA,NA,NA,NA,NA,NA,NA,NA,NA,NA,NA,NA,NA,NA,NA,NA,NA,NA,NA,NA,NA,NA
192,Nineta_pallida,Europe,NA,NA,NA,in_situ,NA,NA,NA,NA,NA,NA,NA,NA,NA,NA,NA,NA,NA,NA,NA,NA,NA,08_12_00,NA,NA,NA,NA,NA,NA,NA,5.6,9.2,NA,NA,NA,NA,NA,NA,NA,NA,NA,NA,NA,NA,NA,NA,NA,NA,NA,NA,NA,NA,NA,NA,NA,NA,NA,NA,NA,NA,NA,NA,NA
193,Nineta_pallida,Europe,NA,NA,NA,in_situ,NA,NA,NA,NA,NA,NA,NA,NA,NA,NA,NA,NA,NA,NA,NA,NA,NA,08_13_00,NA,NA,NA,NA,NA,NA,NA,4.1,7.2,NA,NA,NA,NA,NA,NA,NA,NA,NA,NA,NA,NA,NA,NA,NA,NA,NA,NA,NA,NA,NA,NA,NA,NA,NA,NA,NA,NA,NA,NA,NA
194,Nineta_pallida,Europe,NA,NA,NA,in_situ,NA,NA,NA,NA,NA,NA,NA,NA,NA,NA,NA,NA,NA,NA,NA,NA,NA,08_14_00,NA,NA,NA,NA,NA,NA,NA,1.3,7,9.3,NA,NA,NA,NA,NA,NA,NA,NA,NA,NA,NA,NA,NA,NA,NA,NA,NA,NA,NA,NA,NA,NA,NA,NA,NA,NA,NA,NA,NA,NA
195,Nineta_pallida,Europe,NA,NA,NA,in_situ,NA,NA,NA,NA,NA,NA,NA,NA,NA,NA,NA,NA,NA,NA,NA,NA,NA,08_15_00,NA,NA,NA,NA,NA,NA,NA,NA,6.7,9.6,NA,NA,NA,NA,NA,NA,NA,NA,NA,NA,NA,NA,NA,NA,NA,NA,NA,NA,NA,NA,NA,NA,NA,NA,NA,NA,NA,NA,NA,NA
196,Nineta_pallida,Europe,NA,NA,NA,in_situ,NA,NA,NA,NA,NA,NA,NA,NA,NA,NA,NA,NA,NA,NA,NA,NA,NA,08_16_00,NA,NA,NA,NA,NA,NA,NA,NA,5,9.1,NA,NA,NA,NA,NA,NA,NA,NA,NA,NA,NA,NA,NA,NA,NA,NA,NA,NA,NA,NA,NA,NA,NA,NA,NA,NA,NA,NA,NA,NA
197,Nineta_pallida,Europe,NA,NA,NA,in_situ,NA,NA,NA,NA,NA,NA,NA,NA,NA,NA,NA,NA,NA,NA,NA,NA,NA,08_16_00,NA,NA,NA,NA,NA,NA,NA,NA,4.2,12.4,NA,NA,NA,NA,NA,NA,NA,NA,NA,NA,NA,NA,NA,NA,NA,NA,NA,NA,NA,NA,NA,NA,NA,NA,NA,NA,NA,NA,NA,NA
198,Nineta_pallida,Europe,NA,NA,NA,in_situ,NA,NA,NA,NA,NA,NA,NA,NA,NA,NA,NA,NA,NA,NA,NA,NA,NA,08_16_00,NA,NA,NA,NA,NA,NA,NA,NA,2.3,11.7,NA,NA,NA,NA,NA,NA,NA,NA,NA,NA,NA,NA,NA,NA,NA,NA,NA,NA,NA,NA,NA,NA,NA,NA,NA,NA,NA,NA,NA,NA
199,Nineta_pallida,Europe,NA,NA,NA,in_situ,NA,NA,NA,NA,NA,NA,NA,NA,NA,NA,NA,NA,NA,NA,NA,NA,NA,08_16_00,NA,NA,NA,NA,NA,NA,NA,NA,NA,11.5,NA,NA,NA,NA,NA,NA,NA,NA,NA,NA,NA,NA,NA,NA,NA,NA,NA,NA,NA,NA,NA,NA,NA,NA,NA,NA,NA,NA,NA,NA
200,Nineta_pallida,Europe,NA,NA,NA,in_situ,NA,NA,NA,NA,NA,NA,NA,NA,NA,NA,NA,NA,NA,NA,NA,NA,NA,08_16_00,NA,NA,NA,NA,NA,NA,NA,NA,NA,9.1,NA,NA,NA,NA,NA,NA,NA,NA,NA,NA,NA,NA,NA,NA,NA,NA,NA,NA,NA,NA,NA,NA,NA,NA,NA,NA,NA,NA,NA,NA
201,Nineta_vittata,Europe,NA,NA,NA,in_situ,NA,NA,NA,NA,NA,NA,NA,NA,NA,NA,NA,NA,NA,NA,NA,NA,NA,NA,NA,NA,NA,NA,NA,NA,NA,NA,NA,8,NA,NA,NA,NA,NA,NA,NA,NA,NA,NA,NA,NA,1,2,1.5,NA,NA,NA,NA,NA,NA,NA,NA,184,I,NA,NA,150,1300,725
202,Nineta_flava,Europe,NA,NA,NA,in_situ,NA,NA,NA,NA,NA,NA,NA,NA,NA,NA,NA,NA,NA,NA,NA,NA,NA,NA,NA,NA,NA,NA,NA,NA,NA,NA,NA,NA,NA,NA,NA,NA,NA,NA,NA,NA,NA,NA,NA,NA,NA,NA,2,NA,NA,NA,NA,NA,NA,NA,NA,153,L,NA,NA,NA,1500,NA
203,Nothochrysa_californica,Europe,NA,NA,NA,in_situ,NA,NA,NA,NA,NA,NA,NA,NA,NA,NA,NA,NA,NA,NA,NA,NA,NA,NA,NA,NA,NA,NA,NA,7.3,NA,6.3,4.8,19,69,NA,NA,NA,NA,NA,NA,NA,NA,NA,NA,NA,NA,NA,NA,NA,NA,NA,NA,NA,NA,NA,NA,NA,NA,200,NA,NA,NA,NA
204,Nothochrysa_capitata,Europe,NA,NA,NA,in_situ,NA,NA,NA,NA,NA,NA,NA,NA,NA,NA,NA,NA,NA,NA,NA,NA,NA,NA,NA,NA,NA,NA,NA,NA,NA,NA,NA,NA,NA,NA,NA,NA,NA,NA,NA,NA,NA,NA,NA,NA,1,2,1.5,NA,NA,NA,NA,NA,NA,NA,NA,123,PL,NA,NA,NA,NA,NA
205,Nothochrysa_capitata,Europe,NA,NA,NA,in_vivo,NA,NA,NA,NA,NA,NA,NA,NA,NA,NA,NA,NA,NA,NA,NA,NA,NA,NA,NA,NA,NA,NA,NA,11,NA,12,10,15,NA,NA,NA,NA,NA,NA,NA,NA,NA,NA,NA,NA,NA,NA,NA,NA,NA,NA,NA,NA,NA,NA,NA,NA,NA,NA,NA,NA,NA,NA
206,Nothochrysa_fulviceps,Europe,NA,NA,NA,in_vivo,NA,NA,NA,NA,NA,NA,NA,NA,NA,NA,NA,NA,NA,NA,NA,NA,NA,NA,NA,NA,NA,NA,NA,NA,NA,NA,NA,NA,NA,NA,NA,NA,NA,NA,NA,NA,NA,NA,NA,NA,1,2,1.5,NA,NA,NA,NA,NA,NA,NA,NA,153,,NA,NA,NA,500,NA
207,Osmylus_fulvicephalus,Europe,NA,NA,NA,in_vivo,NA,NA,NA,NA,NA,NA,NA,NA,NA,NA,NA,NA,NA,NA,NA,NA,NA,NA,NA,NA,NA,NA,NA,NA,NA,NA,NA,NA,NA,NA,NA,NA,NA,NA,NA,NA,NA,NA,NA,NA,NA,NA,1,NA,NA,NA,NA,NA,NA,NA,NA,153,L,NA,NA,NA,1500,NA
208,Peyerimhoffina_gracilis,Europe,NA,NA,NA,in_vivo,NA,NA,NA,NA,NA,NA,NA,NA,NA,NA,NA,NA,NA,NA,NA,NA,NA,NA,NA,NA,NA,NA,NA,NA,NA,NA,NA,NA,NA,NA,NA,NA,NA,NA,NA,NA,NA,NA,NA,NA,NA,NA,1,NA,NA,NA,NA,NA,NA,NA,NA,304,I,NA,NA,NA,1700,NA
209,Peyerimhoffina_gracilis,Europe,Pyrenees,coniferous_forest,NA,in_situ,20,NA,NA,NA,NA,NA,NA,NA,NA,NA,NA,NA,NA,NA,NA,NA,NA,NA,70,NA,NA,30,NA,7.5,NA,NA,NA,NA,16,NA,NA,NA,107.5,NA,NA,NA,NA,NA,NA,NA,NA,NA,NA,NA,NA,NA,NA,NA,NA,NA,NA,NA,NA,NA,NA,900,1400,1150
210,Plesiochrysa_brasiliensis,South_America,Brazil,NA,NA,in_situ,24,NA,NA,NA,NA,NA,NA,NA,NA,NA,NA,NA,NA,NA,NA,NA,NA,16_08_00,NA,NA,NA,NA,NA,3.4,NA,3,2,3.1,12,NA,NA,NA,NA,NA,NA,NA,NA,NA,NA,NA,NA,NA,NA,NA,NA,NA,NA,NA,NA,NA,NA,NA,NA,NA,NA,NA,NA,NA
211,Plesiochrysa_brasiliensis,South_America,Brazil,NA,NA,in_situ,25,NA,NA,NA,NA,NA,NA,NA,NA,NA,NA,NA,NA,NA,NA,NA,NA,16_08_00,NA,NA,NA,NA,NA,3,NA,1.6,1.6,2.1,13.3,NA,NA,NA,NA,NA,NA,NA,NA,NA,NA,NA,NA,NA,NA,NA,NA,NA,NA,NA,NA,NA,NA,NA,NA,NA,NA,NA,NA,NA
212,Pseudomallada_clathratus,Europe,NA,NA,NA,in_situ,NA,NA,NA,NA,NA,NA,NA,NA,NA,NA,NA,NA,NA,NA,NA,NA,NA,NA,NA,NA,NA,NA,NA,NA,NA,9.1,10.3,10.5,26.4,NA,NA,NA,NA,NA,NA,NA,NA,NA,NA,NA,NA,NA,NA,NA,NA,NA,NA,NA,NA,NA,NA,NA,NA,NA,NA,NA,NA,NA
213,Pseudomallada_flavifrons,Europe,NA,NA,NA,in_vivo,NA,NA,NA,NA,NA,NA,NA,NA,NA,NA,NA,NA,NA,NA,NA,NA,NA,NA,NA,NA,NA,NA,NA,NA,NA,NA,NA,NA,NA,NA,NA,NA,NA,NA,NA,NA,NA,NA,NA,NA,2,3,2.5,NA,NA,NA,NA,NA,NA,NA,NA,214,L,NA,NA,NA,2000,NA
214,Pseudomallada_flavifrons,Europe,Halkidiki__northern_Greece,olive_groves,NA,in_situ,25,NA,NA,NA,NA,NA,NA,NA,NA,NA,NA,NA,NA,NA,NA,NA,NA,16_08_00,NA,NA,12.7,NA,NA,5.3,NA,5.5,5.4,5.9,15.7,NA,NA,41.94,NA,NA,NA,NA,NA,NA,NA,62.1,NA,NA,NA,NA,NA,NA,NA,NA,330.5,14,0.05,NA,NA,NA,NA,NA,NA,NA
215,Pseudomallada_flavifrons,Europe,Halkidiki__northern_Greece,olive_groves,NA,in_situ,25,NA,NA,NA,NA,NA,NA,NA,NA,NA,NA,NA,NA,NA,NA,NA,NA,16_08_00,NA,NA,11.4,NA,NA,5.3,NA,6.4,6.2,10.9,18.5,NA,NA,NA,NA,NA,NA,NA,NA,NA,NA,50.4,NA,NA,NA,NA,NA,NA,NA,NA,364.3,11.55,0.06,NA,NA,NA,NA,NA,NA,NA
216,Pseudomallada_handschini,Europe,_Epworth__England,NA,NA,in_situ,NA,NA,NA,NA,NA,NA,NA,NA,NA,NA,NA,NA,NA,NA,NA,NA,NA,NA,NA,NA,NA,NA,NA,8.1,NA,8.5,14.7,16.9,34.8,NA,NA,NA,NA,NA,NA,NA,NA,NA,NA,NA,NA,NA,NA,NA,NA,NA,NA,NA,NA,NA,NA,NA,NA,NA,NA,NA,NA,NA
217,Pseudomallada_handschini,North_America,strawberry_canyon,NA,NA,in_situ,NA,NA,NA,NA,NA,NA,NA,NA,NA,NA,NA,NA,NA,NA,NA,NA,NA,NA,NA,NA,NA,NA,NA,NA,NA,NA,NA,NA,NA,NA,NA,NA,NA,NA,NA,NA,NA,NA,NA,9.1,NA,NA,NA,NA,NA,NA,NA,NA,NA,NA,NA,NA,NA,NA,NA,NA,NA,NA
218,Pseudomallada_kibonotoensis,Europe,NA,NA,NA,in_situ,NA,NA,NA,NA,NA,NA,NA,NA,NA,NA,NA,NA,NA,NA,NA,NA,NA,NA,NA,NA,NA,NA,NA,6.9,NA,NA,NA,NA,NA,NA,NA,NA,NA,NA,NA,NA,NA,NA,NA,NA,NA,NA,NA,NA,NA,NA,NA,NA,NA,NA,NA,NA,NA,NA,NA,NA,NA,NA
219,Pseudomallada_macleodi,North_America,Manhattan__Kansas,NA,NA,in_situ,23.9,NA,NA,NA,NA,NA,NA,NA,NA,NA,NA,NA,NA,NA,NA,NA,NA,16_08_00,NA,NA,NA,NA,NA,NA,NA,7.2,6.6,8.5,18.4,100,NA,NA,NA,NA,NA,NA,NA,NA,NA,NA,NA,NA,NA,NA,NA,NA,NA,NA,NA,NA,NA,NA,NA,NA,NA,NA,NA,NA
220,Pseudomallada_macleodi,North_America,Manhattan__Kansas,NA,NA,in_situ,23.9,NA,NA,NA,NA,NA,NA,NA,NA,NA,NA,NA,NA,NA,NA,NA,NA,14_10_00,NA,NA,NA,NA,NA,NA,NA,8.2,22.5,77.3,20,82.3,NA,NA,NA,NA,NA,NA,NA,NA,NA,NA,NA,NA,NA,NA,NA,NA,NA,NA,NA,NA,NA,NA,NA,NA,NA,NA,NA,NA
221,Pseudomallada_macleodi,North_America,Manhattan__Kansas,NA,NA,in_situ,23.9,NA,NA,NA,NA,NA,NA,NA,NA,NA,NA,NA,NA,NA,NA,NA,NA,12_12_00,NA,NA,NA,NA,NA,NA,NA,7.3,8.1,108,20,6.3,NA,NA,NA,NA,NA,NA,NA,NA,NA,NA,NA,NA,NA,NA,NA,NA,NA,NA,NA,NA,NA,NA,NA,NA,NA,NA,NA,NA
222,Pseudomallada_macleodi,North_America,Manhattan__Kansas,NA,NA,in_situ,23.9,NA,NA,NA,NA,NA,NA,NA,NA,NA,NA,NA,NA,NA,NA,NA,NA,10_14_00,NA,NA,NA,NA,NA,NA,NA,7,7.5,NA,NA,0,NA,NA,NA,NA,NA,NA,NA,NA,NA,NA,NA,NA,NA,NA,NA,NA,NA,NA,NA,NA,NA,NA,NA,NA,NA,NA,NA,NA
223,Pseudomallada_macleodi,North_America,Stephenville__Texas,NA,NA,in_situ,23.9,NA,NA,NA,NA,NA,NA,NA,NA,NA,NA,NA,NA,NA,NA,NA,NA,16_08_00,NA,NA,NA,NA,NA,NA,NA,9.3,6.8,14.8,17.8,95,NA,NA,NA,NA,NA,NA,NA,NA,NA,NA,NA,NA,NA,NA,NA,NA,NA,NA,NA,NA,NA,NA,NA,NA,NA,NA,NA,NA
224,Pseudomallada_macleodi,North_America,Stephenville__Texas,NA,NA,in_situ,23.9,NA,NA,NA,NA,NA,NA,NA,NA,NA,NA,NA,NA,NA,NA,NA,NA,10_14_00,NA,NA,NA,NA,NA,NA,NA,10.2,7.2,131.5,NA,15.3,NA,NA,NA,NA,NA,NA,NA,NA,NA,NA,NA,NA,NA,NA,NA,NA,NA,NA,NA,NA,NA,NA,NA,NA,NA,NA,NA,NA
225,Pseudomallada_macleodi,North_America,Manhattan__Kansas,NA,NA,in_situ,23.9,NA,NA,NA,NA,NA,NA,NA,NA,NA,NA,NA,NA,NA,NA,NA,NA,NA,NA,NA,NA,NA,NA,NA,NA,NA,NA,NA,NA,100,0.44,NA,NA,NA,NA,NA,NA,NA,NA,NA,NA,NA,NA,NA,NA,NA,NA,NA,NA,NA,NA,NA,NA,NA,NA,NA,NA,NA
226,Pseudomallada_macleodi,North_America,Stephenville__Texas,NA,NA,in_situ,23.9,NA,NA,NA,NA,NA,NA,NA,NA,NA,NA,NA,NA,NA,NA,NA,NA,NA,NA,NA,NA,NA,NA,NA,NA,NA,NA,NA,NA,100,0.25,NA,NA,NA,NA,NA,NA,NA,NA,NA,NA,NA,NA,NA,NA,NA,NA,NA,NA,NA,NA,NA,NA,NA,NA,NA,NA,NA
227,Pseudomallada_perfectus,North_America,Redding__California,NA,NA,in_situ,23.9,NA,NA,NA,NA,NA,NA,NA,NA,NA,NA,NA,NA,NA,NA,NA,NA,16_08_00,NA,NA,NA,NA,NA,NA,NA,NA,NA,NA,NA,86,0.57,NA,NA,NA,NA,NA,NA,NA,NA,NA,NA,NA,NA,NA,NA,NA,NA,NA,NA,NA,NA,NA,NA,NA,NA,NA,NA,NA
228,Pseudomallada_perfectus,North_America,Kings_Canyon__California,NA,NA,in_situ,23.9,NA,NA,NA,NA,NA,NA,NA,NA,NA,NA,NA,NA,NA,NA,NA,NA,16_08_00,NA,NA,NA,NA,NA,NA,NA,NA,NA,NA,NA,91,0.48,NA,NA,NA,NA,NA,NA,NA,NA,NA,NA,NA,NA,NA,NA,NA,NA,NA,NA,NA,NA,NA,NA,NA,NA,NA,NA,NA
229,Pseudomallada_perfectus,North_America,Huachuca_Mts__Arizona,NA,NA,in_situ,23.9,NA,NA,NA,NA,NA,NA,NA,NA,NA,NA,NA,NA,NA,NA,NA,NA,14_10_00,NA,NA,NA,NA,NA,NA,NA,NA,121,130.1,20.4,33.3,NA,NA,NA,NA,NA,NA,NA,NA,NA,NA,NA,NA,NA,NA,NA,NA,NA,NA,NA,NA,NA,NA,NA,NA,NA,NA,NA,NA
230,Pseudomallada_perfectus,North_America,Huachuca_Mts__Arizona,NA,NA,in_situ,23.9,NA,NA,NA,NA,NA,NA,NA,NA,NA,NA,NA,NA,NA,NA,NA,NA,13_11_00,NA,NA,NA,NA,NA,NA,NA,NA,NA,125.4,NA,87.5,NA,NA,NA,NA,NA,NA,NA,NA,NA,NA,NA,NA,NA,NA,NA,NA,NA,NA,NA,NA,NA,NA,NA,NA,NA,NA,NA,NA
231,Pseudomallada_perfectus,North_America,Huachuca_Mts__Arizona,NA,NA,in_situ,23.9,NA,NA,NA,NA,NA,NA,NA,NA,NA,NA,NA,NA,NA,NA,NA,NA,12_12_00,NA,NA,NA,NA,NA,NA,NA,NA,NA,161.7,NA,66.6,NA,NA,NA,NA,NA,NA,NA,NA,NA,NA,NA,NA,NA,NA,NA,NA,NA,NA,NA,NA,NA,NA,NA,NA,NA,NA,NA,NA
232,Pseudomallada_perfectus,North_America,Huachuca_Mts__Arizona,NA,NA,in_situ,23.9,NA,NA,NA,NA,NA,NA,NA,NA,NA,NA,NA,NA,NA,NA,NA,NA,10_14_00,NA,NA,NA,NA,NA,NA,NA,NA,NA,221,NA,90.5,NA,NA,NA,NA,NA,NA,NA,NA,NA,NA,NA,NA,NA,NA,NA,NA,NA,NA,NA,NA,NA,NA,NA,NA,NA,NA,NA,NA
233,Pseudomallada_perfectus,North_America,Shasta_Lake__California,NA,NA,in_situ,23.9,NA,NA,NA,NA,NA,NA,NA,NA,NA,NA,NA,NA,NA,NA,NA,NA,16_08_00,NA,NA,NA,NA,NA,NA,NA,9,7.9,9,NA,38.1,NA,NA,NA,NA,NA,NA,NA,NA,NA,NA,NA,NA,NA,NA,NA,NA,NA,NA,NA,NA,NA,NA,NA,NA,NA,NA,NA,NA
234,Pseudomallada_perfectus,North_America,Shasta_Lake__California,NA,NA,in_situ,23.9,NA,NA,NA,NA,NA,NA,NA,NA,NA,NA,NA,NA,NA,NA,NA,NA,14_10_00,NA,NA,NA,NA,NA,NA,NA,10,19.2,45.11,NA,16.6,NA,NA,NA,NA,NA,NA,NA,NA,NA,NA,NA,NA,NA,NA,NA,NA,NA,NA,NA,NA,NA,NA,NA,NA,NA,NA,NA,NA
235,Pseudomallada_perfectus,North_America,Shasta_Lake__California,NA,NA,in_situ,23.9,NA,NA,NA,NA,NA,NA,NA,NA,NA,NA,NA,NA,NA,NA,NA,NA,13_11_00,NA,NA,NA,NA,NA,NA,NA,8.5,10.3,194,17,15.4,NA,NA,NA,NA,NA,NA,NA,NA,NA,NA,NA,NA,NA,NA,NA,NA,NA,NA,NA,NA,NA,NA,NA,NA,NA,NA,NA,NA
236,Pseudomallada_perfectus,North_America,Shasta_Lake__California,NA,NA,in_situ,23.9,NA,NA,NA,NA,NA,NA,NA,NA,NA,NA,NA,NA,NA,NA,NA,NA,12_12_00,NA,NA,NA,NA,NA,NA,NA,8.5,9.6,170.5,NA,15.4,NA,NA,NA,NA,NA,NA,NA,NA,NA,NA,NA,NA,NA,NA,NA,NA,NA,NA,NA,NA,NA,NA,NA,NA,NA,NA,NA,NA
237,Pseudomallada_perfectus,North_America,Shasta_Lake__California,NA,NA,in_situ,23.9,NA,NA,NA,NA,NA,NA,NA,NA,NA,NA,NA,NA,NA,NA,NA,NA,10_14_00,NA,NA,NA,NA,NA,NA,NA,NA,NA,NA,NA,NA,NA,NA,NA,NA,NA,NA,NA,NA,NA,NA,NA,NA,NA,NA,NA,NA,NA,NA,NA,NA,NA,NA,NA,NA,NA,NA,NA,NA
238,Pseudomallada_perfectus,North_America,Redding__California,NA,NA,in_situ,23.9,NA,NA,NA,NA,NA,NA,NA,NA,NA,NA,NA,NA,NA,NA,NA,NA,16_08_00,NA,NA,NA,NA,NA,NA,NA,7.8,7.3,8.9,18.9,62.5,NA,NA,NA,NA,NA,NA,NA,NA,NA,NA,NA,NA,NA,NA,NA,NA,NA,NA,NA,NA,NA,NA,NA,NA,NA,NA,NA,NA
239,Pseudomallada_perfectus,North_America,Redding__California,NA,NA,in_situ,23.9,NA,NA,NA,NA,NA,NA,NA,NA,NA,NA,NA,NA,NA,NA,NA,NA,14_10_00,NA,NA,NA,NA,NA,NA,NA,9.6,24.5,126.5,18.8,65,NA,NA,NA,NA,NA,NA,NA,NA,NA,NA,NA,NA,NA,NA,NA,NA,NA,NA,NA,NA,NA,NA,NA,NA,NA,NA,NA,NA
240,Pseudomallada_perfectus,North_America,Redding__California,NA,NA,in_situ,23.9,NA,NA,NA,NA,NA,NA,NA,NA,NA,NA,NA,NA,NA,NA,NA,NA,12_12_00,NA,NA,NA,NA,NA,NA,NA,9.1,33.8,128.7,18.7,56,NA,NA,NA,NA,NA,NA,NA,NA,NA,NA,NA,NA,NA,NA,NA,NA,NA,NA,NA,NA,NA,NA,NA,NA,NA,NA,NA,NA
241,Pseudomallada_perfectus,North_America,Redding__California,NA,NA,in_situ,23.9,NA,NA,NA,NA,NA,NA,NA,NA,NA,NA,NA,NA,NA,NA,NA,NA,10_14_00,NA,NA,NA,NA,NA,NA,NA,8.1,22,131,22.6,53.3,NA,NA,NA,NA,NA,NA,NA,NA,NA,NA,NA,NA,NA,NA,NA,NA,NA,NA,NA,NA,NA,NA,NA,NA,NA,NA,NA,NA
242,Pseudomallada_perfectus,North_America,Kings_Canyon__California,NA,NA,in_situ,23.9,NA,NA,NA,NA,NA,NA,NA,NA,NA,NA,NA,NA,NA,NA,NA,NA,16_08_00,NA,NA,NA,NA,NA,NA,NA,NA,7.6,11.1,20,96,NA,NA,NA,NA,NA,NA,NA,NA,NA,NA,NA,NA,NA,NA,NA,NA,NA,NA,NA,NA,NA,NA,NA,NA,NA,NA,NA,NA
243,Pseudomallada_perfectus,North_America,Kings_Canyon__California,NA,NA,in_situ,23.9,NA,NA,NA,NA,NA,NA,NA,NA,NA,NA,NA,NA,NA,NA,NA,NA,14_10_00,NA,NA,NA,NA,NA,NA,NA,NA,13.5,64.9,18.7,80,NA,NA,NA,NA,NA,NA,NA,NA,NA,NA,NA,NA,NA,NA,NA,NA,NA,NA,NA,NA,NA,NA,NA,NA,NA,NA,NA,NA
244,Pseudomallada_perfectus,North_America,Kings_Canyon__California,NA,NA,in_situ,23.9,NA,NA,NA,NA,NA,NA,NA,NA,NA,NA,NA,NA,NA,NA,NA,NA,12_12_00,NA,NA,NA,NA,NA,NA,NA,NA,9.2,118.7,21.3,88.9,NA,NA,NA,NA,NA,NA,NA,NA,NA,NA,NA,NA,NA,NA,NA,NA,NA,NA,NA,NA,NA,NA,NA,NA,NA,NA,NA,NA
245,Pseudomallada_perfectus,North_America,Kings_Canyon__California,NA,NA,in_situ,23.9,NA,NA,NA,NA,NA,NA,NA,NA,NA,NA,NA,NA,NA,NA,NA,NA,10_14_00,NA,NA,NA,NA,NA,NA,NA,NA,29.4,84,18.8,96,NA,NA,NA,NA,NA,NA,NA,NA,NA,NA,NA,NA,NA,NA,NA,NA,NA,NA,NA,NA,NA,NA,NA,NA,NA,NA,NA,NA
246,Pseudomallada_perfectus,North_America,Kings_Canyon__California,NA,NA,in_situ,NA,NA,NA,NA,NA,NA,NA,NA,NA,NA,NA,NA,NA,NA,NA,NA,NA,16_08_00,NA,NA,NA,NA,NA,NA,NA,NA,NA,NA,NA,NA,NA,NA,NA,NA,42.1,49.9,46,NA,NA,NA,NA,NA,NA,NA,NA,NA,NA,NA,NA,NA,NA,NA,NA,NA,NA,NA,NA,NA
247,Pseudomallada_perfectus,North_America,Kings_Canyon__California,NA,NA,in_situ,15.6,NA,NA,NA,NA,NA,NA,NA,NA,NA,NA,NA,NA,NA,NA,NA,NA,16_08_00,NA,NA,NA,NA,NA,18.7,NA,17.4,14,18.8,42.2,60.9,0.62,NA,NA,0,NA,NA,NA,NA,NA,NA,NA,NA,NA,NA,NA,NA,NA,NA,NA,NA,NA,NA,NA,NA,NA,NA,NA,NA
248,Pseudomallada_perfectus,North_America,Kings_Canyon__California,NA,NA,in_situ,18.3,NA,NA,NA,NA,NA,NA,NA,NA,NA,NA,NA,NA,NA,NA,NA,NA,16_08_00,NA,NA,19.2,NA,NA,13.8,NA,14.6,11.5,14.7,34.1,81.5,0.6,NA,NA,60,NA,NA,NA,NA,NA,NA,NA,NA,NA,NA,NA,NA,NA,NA,NA,NA,NA,NA,NA,NA,NA,NA,NA,NA
249,Pseudomallada_perfectus,North_America,Kings_Canyon__California,NA,NA,in_situ,21,NA,NA,NA,NA,NA,NA,NA,NA,NA,NA,NA,NA,NA,NA,NA,NA,16_08_00,NA,NA,16.2,NA,NA,10.2,NA,12.1,12.1,13.7,27,68.2,0.48,NA,NA,75,NA,NA,NA,NA,NA,NA,NA,NA,NA,NA,NA,NA,NA,NA,NA,NA,NA,NA,NA,NA,NA,NA,NA,NA
250,Pseudomallada_perfectus,North_America,Kings_Canyon__California,NA,NA,in_situ,23.9,NA,NA,NA,NA,NA,NA,NA,NA,NA,NA,NA,NA,NA,NA,NA,NA,16_08_00,NA,NA,12.8,NA,NA,8,NA,9.2,7.8,11.8,21.5,69.6,0.47,NA,NA,92,NA,NA,NA,NA,NA,NA,NA,NA,NA,NA,NA,NA,NA,NA,NA,NA,NA,NA,NA,NA,NA,NA,NA,NA
251,Pseudomallada_perfectus,North_America,Kings_Canyon__California,NA,NA,in_situ,26.7,NA,NA,NA,NA,NA,NA,NA,NA,NA,NA,NA,NA,NA,NA,NA,NA,16_08_00,NA,NA,11.7,NA,NA,5.9,NA,7.1,6.2,10.4,16.7,76.1,0.38,NA,NA,100,NA,NA,NA,NA,NA,NA,NA,NA,NA,NA,NA,NA,NA,NA,NA,NA,NA,NA,NA,NA,NA,NA,NA,NA
252,Pseudomallada_picteti,Europe,NA,Quercetum_ilicis,NA,in_situ,21,NA,NA,NA,NA,NA,NA,NA,NA,NA,NA,NA,NA,NA,NA,NA,NA,12_12_00,70,NA,NA,NA,NA,9,NA,9.6,13.2,NA,25.1,NA,NA,NA,NA,NA,NA,NA,NA,NA,NA,NA,NA,NA,NA,NA,NA,NA,NA,NA,NA,NA,NA,NA,NA,NA,NA,NA,NA,NA
253,Pseudomallada_picteti,Europe,NA,Quercetum_ilicis,NA,in_situ,21,NA,NA,NA,NA,NA,NA,NA,NA,NA,NA,NA,NA,NA,NA,NA,NA,16_08_00,70,NA,NA,NA,NA,9,NA,8.1,7.5,8.1,22.1,NA,NA,NA,NA,NA,NA,NA,NA,NA,NA,NA,NA,NA,NA,NA,NA,NA,NA,NA,NA,NA,NA,NA,NA,NA,NA,NA,NA,NA
254,Pseudomallada_picteti,Europe,NA,Quercetum_ilicis,NA,in_situ,21,NA,NA,NA,NA,NA,NA,NA,NA,NA,NA,NA,NA,NA,NA,NA,NA,08_16_00,70,NA,NA,NA,NA,8.7,NA,9.3,11.9,NA,25.2,NA,NA,NA,NA,NA,NA,NA,NA,NA,NA,NA,NA,NA,NA,NA,NA,NA,NA,NA,NA,NA,NA,NA,NA,NA,NA,NA,NA,NA
255,Pseudomallada_prasinus,Europe,NA,NA,NA,in_situ,NA,NA,NA,NA,NA,NA,NA,NA,NA,NA,NA,NA,NA,NA,NA,NA,NA,NA,NA,NA,NA,NA,NA,NA,NA,NA,NA,NA,NA,NA,NA,NA,NA,NA,NA,NA,NA,NA,NA,NA,2,3,2.5,NA,NA,NA,NA,NA,NA,NA,NA,214,L,NA,NA,NA,2400,NA
256,Pseudomallada_prasinus,Europe,Thessaloniki__coastal_northern_Greece,orchard_(peach),40¡370«N. 22¡570«E,in_situ,26,NA,NA,NA,NA,NA,NA,NA,NA,NA,NA,NA,NA,NA,NA,NA,NA,16_08_00,12,NA,NA,NA,NA,4.85,NA,5.2,5.45,7.1,11.05,52.5,0,70.9,NA,NA,NA,NA,NA,NA,NA,3.3,NA,NA,NA,NA,NA,56.3,NA,NA,0,8.44,0.08,NA,NA,NA,NA,NA,NA,NA
257,Pseudomallada_prasinus,Europe,Thessaloniki__coastal_northern_Greece,orchard_(peach),40¡370«N. 22¡570«E,in_situ,26,NA,NA,NA,NA,NA,NA,NA,NA,NA,NA,NA,NA,NA,NA,NA,NA,16_08_00,33,NA,NA,NA,NA,4.8,NA,5.1,5.45,6.65,11.1,62.5,0,78.6,NA,NA,NA,NA,NA,NA,NA,4.5,NA,NA,NA,NA,NA,57.2,NA,NA,0,8.51,0.08,NA,NA,NA,NA,NA,NA,NA
258,Pseudomallada_prasinus,Europe,Thessaloniki__coastal_northern_Greece,orchard_(peach),40¡370«N. 22¡570«E,in_situ,26,NA,NA,NA,NA,NA,NA,NA,NA,NA,NA,NA,NA,NA,NA,NA,NA,16_08_00,55,NA,NA,NA,NA,4.7,NA,5.05,5.55,6.35,11.45,65,0,97.5,NA,NA,NA,NA,NA,NA,NA,7.4,NA,NA,NA,NA,NA,59.7,NA,NA,0,7.97,0.09,NA,NA,NA,NA,NA,NA,NA
259,Pseudomallada_prasinus,Europe,Thessaloniki__coastal_northern_Greece,orchard_(peach),40¡370«N. 22¡570«E,in_situ,26,NA,NA,NA,NA,NA,NA,NA,NA,NA,NA,NA,NA,NA,NA,NA,NA,16_08_00,75,NA,NA,NA,NA,4.65,NA,5,5.05,5.5,10.4,75,0,86.2,NA,NA,NA,NA,NA,NA,NA,12.5,NA,NA,NA,NA,NA,53.2,NA,NA,0,7.58,0.09,NA,NA,NA,NA,NA,NA,NA
260,Pseudomallada_prasinus,Europe,Thessaloniki__coastal_northern_Greece,orchard_(peach),40¡370«N. 22¡570«E,in_situ,26,NA,NA,NA,NA,NA,NA,NA,NA,NA,NA,NA,NA,NA,NA,NA,NA,16_08_00,94,NA,NA,NA,NA,4.65,NA,4.65,4.65,5.15,11.1,57.5,0.47,61.7,NA,NA,NA,NA,NA,NA,NA,29.7,NA,NA,NA,NA,NA,50,NA,NA,201,8.52,0.08,NA,NA,NA,NA,NA,NA,NA
261,Pseudomallada_prasinus,Europe,Thessaloniki__coastal_northern_Greece,NA,NA,in_situ,25,NA,NA,NA,NA,NA,NA,NA,NA,NA,NA,NA,NA,NA,NA,NA,NA,16_08_00,65,5,NA,NA,NA,NA,81.3,6.75,7.1,17.3,12.6,55.8,NA,4.8,NA,NA,NA,NA,NA,NA,NA,44.5,NA,NA,NA,NA,NA,66.8,NA,NA,63.8,28.5,0.02,NA,NA,NA,NA,NA,NA,NA
262,Pseudomallada_prasinus,Europe,Thessaloniki__coastal_northern_Greece,NA,NA,in_situ,25,NA,NA,NA,NA,NA,NA,NA,NA,NA,NA,NA,NA,NA,NA,NA,NA,16_08_00,65,10,NA,NA,NA,NA,81.9,6,6.95,10.15,13.35,56.1,NA,6.5,NA,NA,NA,NA,NA,NA,NA,43.1,NA,NA,NA,NA,NA,57.8,NA,NA,59.4,20.6,0.03,NA,NA,NA,NA,NA,NA,NA
263,Pseudomallada_prasinus,Europe,Thessaloniki__coastal_northern_Greece,NA,NA,in_situ,25,NA,NA,NA,NA,NA,NA,NA,NA,NA,NA,NA,NA,NA,NA,NA,NA,16_08_00,65,20,NA,NA,NA,NA,79.3,5.4,6.85,7.9,13.6,69,NA,8.9,NA,NA,NA,NA,NA,NA,NA,38.2,NA,NA,NA,NA,NA,65.1,NA,NA,59.2,20.4,0.03,NA,NA,NA,NA,NA,NA,NA
264,Pseudomallada_prasinus,Europe,Thessaloniki__coastal_northern_Greece,NA,NA,in_situ,25,NA,NA,NA,NA,NA,NA,NA,NA,NA,NA,NA,NA,NA,NA,NA,NA,16_08_00,65,60,NA,NA,NA,NA,75.8,4.5,5.2,7.4,13.1,73.2,NA,34.6,NA,NA,NA,NA,NA,NA,NA,53.9,NA,NA,NA,NA,NA,59,NA,NA,196.8,10.9,0.06,NA,NA,NA,NA,NA,NA,NA
265,Pseudomallada_prasinus,Europe,Thessaloniki__coastal_northern_Greece,NA,NA,in_situ,25,NA,NA,NA,NA,NA,NA,NA,NA,NA,NA,NA,NA,NA,NA,NA,NA,16_08_00,65,110,NA,NA,NA,NA,81.9,4.7,6.6,7.3,12.75,86,NA,101.6,NA,NA,NA,NA,NA,NA,NA,54.5,NA,NA,NA,NA,NA,58.6,NA,NA,369.7,8.3,0.08,NA,NA,NA,NA,NA,NA,NA
266,Pseudomallada_prasinus,Europe,Alexandrea__Northern_Greece,agrocenosis_(cotton_fields),NA,in_situ,25,NA,NA,NA,NA,NA,NA,NA,NA,NA,NA,NA,NA,NA,NA,NA,NA,16_08_00,NA,NA,NA,NA,NA,NA,NA,5.15,6.25,6.3,13.35,76,NA,165.4,NA,NA,NA,NA,NA,NA,NA,55.56,NA,NA,NA,NA,NA,63.2,NA,NA,377.89,7.05,0.1,NA,NA,NA,NA,NA,NA,NA
267,Pseudomallada_prasinus,Europe,Alexandrea__Northern_Greece,agrocenosis_(cotton_fields),NA,in_situ,25,NA,NA,NA,NA,NA,NA,NA,NA,NA,NA,NA,NA,NA,NA,NA,NA,16_08_00,NA,NA,NA,NA,NA,NA,NA,5.4,4.65,5.95,12.75,72,NA,136.6,NA,NA,NA,NA,NA,NA,NA,54,NA,NA,NA,NA,NA,61.3,NA,NA,521.56,8.54,0.08,NA,NA,NA,NA,NA,NA,NA
268,Pseudomallada_prasinus,Europe,Alexandrea__Northern_Greece,agrocenosis_(cotton_fields),NA,in_situ,25,NA,NA,NA,NA,NA,NA,NA,NA,NA,NA,NA,NA,NA,NA,NA,NA,16_08_00,NA,NA,NA,NA,NA,NA,NA,4.45,6.95,7.8,10.65,68,NA,56.44,NA,NA,NA,NA,NA,NA,NA,38.5,NA,NA,NA,NA,NA,55.1,NA,NA,191.75,8.8,0.08,NA,NA,NA,NA,NA,NA,NA
269,Pseudomallada_prasinus,Europe,Alexandrea__Northern_Greece,agrocenosis_(cotton_fields),NA,in_situ,25,NA,NA,NA,NA,NA,NA,NA,NA,NA,NA,NA,NA,NA,NA,NA,NA,16_08_00,NA,NA,NA,NA,NA,NA,NA,7,8.1,8.5,12.05,43.8,NA,44.4,NA,NA,NA,NA,NA,NA,NA,54.35,NA,NA,NA,NA,NA,64.5,NA,NA,318.06,9.99,0.07,NA,NA,NA,NA,NA,NA,NA
270,Pseudomallada_prasinus,Europe,Alexandrea__Northern_Greece,agrocenosis_(cotton_fields),NA,in_situ,25,NA,NA,NA,NA,NA,NA,NA,NA,NA,NA,NA,NA,NA,NA,NA,NA,16_08_00,NA,NA,NA,NA,NA,NA,NA,6.1,7.95,9.35,12.45,37.5,NA,68.8,NA,NA,NA,NA,NA,NA,NA,50.53,NA,NA,NA,NA,NA,65.8,NA,NA,253.93,10.14,0.07,NA,NA,NA,NA,NA,NA,NA
271,Pseudomallada_prasinus,Europe,Alexandrea__Northern_Greece,agrocenosis_(cotton_fields),NA,in_situ,25,NA,NA,NA,NA,NA,NA,NA,NA,NA,NA,NA,NA,NA,NA,NA,NA,16_08_00,NA,NA,NA,NA,NA,NA,NA,7.1,6.95,9.65,14.6,37.5,NA,40.8,NA,NA,NA,NA,NA,NA,NA,44.88,NA,NA,NA,NA,NA,65.2,NA,NA,205.31,11.91,0.06,NA,NA,NA,NA,NA,NA,NA
272,Pseudomallada_prasinus,Europe,Alexandrea__Northern_Greece,agrocenosis_(cotton_fields),NA,in_situ,25,NA,NA,NA,NA,NA,NA,NA,NA,NA,NA,NA,NA,NA,NA,NA,NA,16_08_00,NA,NA,NA,NA,NA,NA,NA,6.65,6.1,8.25,11.8,43.8,NA,64.3,NA,NA,NA,NA,NA,NA,NA,56.32,NA,NA,NA,NA,NA,66.4,NA,NA,269.58,12.42,0.06,NA,NA,NA,NA,NA,NA,NA
273,Pseudomallada_prasinus,Europe,Alexandrea__Northern_Greece,agrocenosis_(cotton_fields),NA,in_situ,25,NA,NA,NA,NA,NA,NA,NA,NA,NA,NA,NA,NA,NA,NA,NA,NA,16_08_00,NA,NA,NA,NA,NA,NA,NA,8.4,7.75,10.7,14.75,46.3,NA,50.3,NA,NA,NA,NA,NA,NA,NA,45.1,NA,NA,NA,NA,NA,75.4,NA,NA,200.45,12.81,0.05,NA,NA,NA,NA,NA,NA,NA
274,Pseudomallada_prasinus,Europe,Alexandrea__Northern_Greece,agrocenosis_(cotton_fields),NA,in_situ,25,NA,NA,NA,NA,NA,NA,NA,NA,NA,NA,NA,NA,NA,NA,NA,NA,16_08_00,NA,NA,NA,NA,NA,NA,NA,7.4,8.9,9.75,14.5,24.4,NA,24.8,NA,NA,NA,NA,NA,NA,NA,39.5,NA,NA,NA,NA,NA,70.9,NA,NA,198.2,15.31,0.05,NA,NA,NA,NA,NA,NA,NA
275,Pseudomallada_prasinus,Europe,Alexandrea__Northern_Greece,orchard_(peach),NA,in_situ,20,NA,NA,NA,NA,NA,NA,NA,NA,NA,NA,NA,NA,NA,NA,NA,NA,16_08_00,NA,NA,NA,NA,NA,7,77.6,7.3,7.9,8.5,5.1,62,0.46,76.6,NA,NA,NA,NA,NA,NA,NA,56.6,NA,NA,NA,NA,NA,78.3,NA,NA,292.2,NA,0.06,NA,NA,NA,NA,NA,NA,NA
276,Pseudomallada_prasinus,Europe,Alexandrea__Northern_Greece,orchard_(peach),NA,in_situ,25,NA,NA,NA,NA,NA,NA,NA,NA,NA,NA,NA,NA,NA,NA,NA,NA,16_08_00,NA,NA,NA,NA,NA,6.1,80.4,5.2,6.3,7.7,4.9,74,0.54,77.5,NA,NA,NA,NA,NA,NA,NA,44.1,NA,NA,NA,NA,NA,64.2,NA,NA,321.2,NA,0.09,NA,NA,NA,NA,NA,NA,NA
277,Pseudomallada_prasinus,Europe,Alexandrea__Northern_Greece,orchard_(peach),NA,in_situ,27,NA,NA,NA,NA,NA,NA,NA,NA,NA,NA,NA,NA,NA,NA,NA,NA,16_08_00,NA,NA,NA,NA,NA,4.5,82.1,4.8,5.3,7,4.9,76,0.55,99.9,NA,NA,NA,NA,NA,NA,NA,57.3,NA,NA,NA,NA,NA,59.9,NA,NA,333.7,NA,0.1,NA,NA,NA,NA,NA,NA,NA
278,Pseudomallada_prasinus,Europe,Alexandrea__Northern_Greece,orchard_(peach),NA,in_situ,30,NA,NA,NA,NA,NA,NA,NA,NA,NA,NA,NA,NA,NA,NA,NA,NA,16_08_00,NA,NA,NA,NA,NA,3.7,81.7,4.7,4.6,6.7,4.5,48,0.46,20.8,NA,NA,NA,NA,NA,NA,NA,48.5,NA,NA,NA,NA,NA,49,NA,NA,115.8,NA,0.09,NA,NA,NA,NA,NA,NA,NA
279,Pseudomallada_prasinus,Europe,Alexandrea__Northern_Greece,orchard_(peach),NA,in_situ,15,NA,NA,NA,NA,NA,NA,NA,NA,NA,NA,NA,NA,NA,NA,NA,NA,16_08_00,NA,NA,NA,NA,NA,12.5,76.3,22,30.7,33.3,13.1,60,0.54,8.3,NA,NA,NA,NA,NA,NA,NA,97.1,NA,NA,NA,NA,NA,200.9,NA,NA,38,NA,0.02,NA,NA,NA,NA,NA,NA,NA
280,Pseudomallada_prasinus,Europe,Alexandrea__Northern_Greece,orchard_(peach),NA,in_situ,33,NA,NA,NA,NA,NA,NA,NA,NA,NA,NA,NA,NA,NA,NA,NA,NA,16_08_00,NA,NA,NA,NA,NA,0,0,0,0,0,0,0,NA,NA,NA,NA,NA,NA,NA,NA,NA,0,NA,NA,NA,NA,NA,NA,NA,NA,0,NA,NA,NA,NA,NA,NA,NA,NA,NA
281,Pseudomallada_sierra,North_America,Redding__California,NA,NA,in_situ,23.9,NA,NA,NA,NA,NA,NA,NA,NA,NA,NA,NA,NA,NA,NA,NA,NA,16_08_00,NA,NA,NA,NA,NA,NA,NA,NA,NA,NA,NA,93,0.54,NA,NA,NA,NA,NA,NA,NA,NA,NA,NA,NA,NA,NA,NA,NA,NA,NA,NA,NA,NA,NA,NA,NA,NA,NA,NA,NA
282,Pseudomallada_sierra,North_America,Redding__California,NA,NA,in_situ,23.9,NA,NA,NA,NA,NA,NA,NA,NA,NA,NA,NA,NA,NA,NA,NA,NA,16_08_00,NA,NA,NA,NA,NA,NA,NA,8.7,7.9,7.3,17.4,100,NA,NA,NA,NA,NA,NA,NA,NA,NA,NA,NA,NA,NA,NA,NA,NA,NA,NA,NA,NA,NA,NA,NA,NA,NA,NA,NA,NA
283,Pseudomallada_sierra,North_America,Redding__California,NA,NA,in_situ,23.9,NA,NA,NA,NA,NA,NA,NA,NA,NA,NA,NA,NA,NA,NA,NA,NA,14_10_00,NA,NA,NA,NA,NA,NA,NA,7.9,13.5,16.2,18,13,NA,NA,NA,NA,NA,NA,NA,NA,NA,NA,NA,NA,NA,NA,NA,NA,NA,NA,NA,NA,NA,NA,NA,NA,NA,NA,NA,NA
284,Pseudomallada_sierra,North_America,Redding__California,NA,NA,in_situ,23.9,NA,NA,NA,NA,NA,NA,NA,NA,NA,NA,NA,NA,NA,NA,NA,NA,12_12_00,NA,NA,NA,NA,NA,NA,NA,7.1,8,126.7,17.9,82.6,NA,NA,NA,NA,NA,NA,NA,NA,NA,NA,NA,NA,NA,NA,NA,NA,NA,NA,NA,NA,NA,NA,NA,NA,NA,NA,NA,NA
285,Pseudomallada_sierra,North_America,Redding__California,NA,NA,in_situ,23.9,NA,NA,NA,NA,NA,NA,NA,NA,NA,NA,NA,NA,NA,NA,NA,NA,10_14_00,NA,NA,NA,NA,NA,NA,NA,7.5,7.7,104.5,18.5,21.7,NA,NA,NA,NA,NA,NA,NA,NA,NA,NA,NA,NA,NA,NA,NA,NA,NA,NA,NA,NA,NA,NA,NA,NA,NA,NA,NA,NA
286,Pseudomallada_ventralis,Europe,NA,NA,NA,in_vivo,NA,NA,NA,NA,NA,NA,NA,NA,NA,NA,NA,NA,NA,NA,NA,NA,NA,NA,NA,NA,NA,NA,NA,NA,NA,NA,NA,NA,NA,NA,NA,NA,NA,NA,NA,NA,NA,NA,NA,NA,1,2,1.5,NA,NA,NA,NA,NA,NA,NA,NA,214,L,NA,NA,NA,NA,NA
287,Pseudomallada_zelleri,Europe,Halkidiki__northern_Greece,olive_groves,NA,in_situ,25,NA,NA,NA,NA,NA,NA,NA,NA,NA,NA,NA,NA,NA,NA,NA,NA,16_08_00,NA,NA,8.7,NA,NA,5.9,NA,4.9,4.1,4.8,13.5,54.3,NA,107.96,NA,NA,NA,NA,NA,NA,NA,40.9,NA,NA,NA,NA,NA,70.87,NA,NA,300.3,11.05,0.06,NA,NA,NA,NA,NA,NA,NA
288,Pseudomallada_zelleri,Europe,Halkidiki__northern_Greece,olive_groves,NA,in_situ,25,NA,NA,NA,NA,NA,NA,NA,NA,NA,NA,NA,NA,NA,NA,NA,NA,16_08_00,NA,NA,11.2,NA,NA,6,NA,5.2,4.5,5.9,13.8,38.5,NA,31.31,NA,NA,NA,NA,NA,NA,NA,48.9,NA,NA,NA,NA,NA,73.89,NA,NA,328.4,13.92,0.05,NA,NA,NA,NA,NA,NA,NA
289,Rexa_almerai,Europe,NA,NA,NA,in_situ,NA,NA,NA,NA,NA,NA,NA,NA,NA,NA,NA,NA,NA,NA,NA,NA,NA,NA,NA,NA,NA,NA,NA,7.5,NA,6.4,6.5,16,NA,NA,NA,NA,NA,NA,NA,NA,NA,NA,NA,NA,NA,NA,NA,NA,NA,NA,NA,NA,NA,NA,NA,NA,NA,NA,NA,NA,NA,NA
290,Semidalis_aleyrodiformis,Europe,NA,NA,NA,in_vivo,NA,NA,NA,NA,NA,NA,NA,NA,NA,NA,NA,NA,NA,NA,NA,NA,NA,NA,NA,NA,NA,NA,NA,NA,NA,NA,NA,NA,NA,NA,NA,NA,NA,NA,NA,NA,NA,NA,NA,NA,2,3,2.5,NA,NA,NA,NA,NA,NA,NA,NA,214,PL,NA,NA,NA,2000,NA
291,Sisyra_nigra,Europe,NA,NA,NA,in_vivo,NA,NA,NA,NA,NA,NA,NA,NA,NA,NA,NA,NA,NA,NA,NA,NA,NA,NA,NA,NA,NA,NA,NA,NA,NA,NA,NA,NA,NA,NA,NA,NA,NA,NA,NA,NA,NA,NA,NA,NA,1,2,1.5,NA,NA,NA,NA,NA,NA,NA,NA,214,PL,NA,NA,NA,1300,NA
292,Sympherobius_klapaleki,Europe,NA,NA,NA,in_vivo,NA,NA,NA,NA,NA,NA,NA,NA,NA,NA,NA,NA,NA,NA,NA,NA,NA,NA,NA,NA,NA,NA,NA,NA,NA,NA,NA,NA,NA,NA,NA,NA,NA,NA,NA,NA,NA,NA,NA,NA,NA,NA,2,NA,NA,NA,NA,NA,NA,NA,NA,153,NA,NA,NA,100,1000,550
293,Zeugomantispa_minuta,Europe,NA,NA,NA,in_situ,NA,NA,NA,NA,NA,NA,NA,NA,NA,NA,NA,NA,NA,NA,NA,NA,NA,NA,NA,NA,NA,NA,NA,NA,NA,4.24,1.78,2.38,15.17,NA,NA,NA,NA,NA,NA,NA,NA,NA,NA,NA,NA,NA,NA,NA,NA,NA,NA,NA,803.8,NA,NA,NA,NA,NA,NA,NA,NA,NA